date_time,open,high,low,close,vol
2014/6/17 15:00:00,2868,2897,2826,2854,2106
2014/6/18 15:00:00,2858,2902,2833,2896,2118
2014/6/19 15:00:00,2901,2929,2890,2901,3532
2014/6/20 15:00:00,2905,2919,2896,2908,1504
2014/6/23 15:00:00,2910,2950,2896,2910,2480
2014/6/24 15:00:00,2906,2948,2903,2939,1690
2014/6/25 15:00:00,2941,2991,2933,2987,4348
2014/6/26 15:00:00,2990,3020,2970,3004,5220
2014/6/27 15:00:00,3004,3008,2978,2987,2840
2014/6/30 15:00:00,2983,3005,2966,2991,3020
2014/7/1 15:00:00,2994,3002,2963,2977,3648
2014/7/2 15:00:00,2982,2992,2911,2965,3150
2014/7/3 15:00:00,2958,2975,2946,2962,1926
2014/7/4 15:00:00,2961,2972,2951,2960,1454
2014/7/7 15:00:00,2956,3013,2954,3012,4722
2014/7/8 15:00:00,3013,3038,2996,3001,6078
2014/7/9 15:00:00,3000,3003,2958,2958,3916
2014/7/10 15:00:00,2956,2964,2931,2937,3352
2014/7/11 15:00:00,2940,2958,2915,2919,2332
2014/7/14 15:00:00,2919,2926,2825,2904,2114
2014/7/15 15:00:00,2908,2920,2882,2900,1286
2014/7/16 15:00:00,2905,2905,2873,2880,1120
2014/7/17 15:00:00,2880,2932,2875,2912,2468
2014/7/18 15:00:00,2915,2925,2842,2866,2680
2014/7/21 15:00:00,2866,2879,2851,2863,1038
2014/7/22 15:00:00,2866,2890,2851,2880,1494
2014/7/23 15:00:00,2880,2897,2835,2873,1484
2014/7/24 15:00:00,2875,2895,2850,2876,1074
2014/7/25 15:00:00,2875,2896,2872,2892,940
2014/7/28 15:00:00,2897,2943,2862,2940,2190
2014/7/29 15:00:00,2934,2948,2925,2929,1090
2014/7/30 15:00:00,2921,2940,2903,2932,1670
2014/7/31 15:00:00,2921,2943,2915,2917,1026
2014/8/1 15:00:00,2900,2912,2881,2882,2092
2014/8/4 15:00:00,2880,2906,2875,2901,774
2014/8/5 15:00:00,2901,2919,2900,2905,1398
2014/8/6 15:00:00,2901,2901,2831,2889,886
2014/8/7 15:00:00,2884,2988,2883,2883,1760
2014/8/8 15:00:00,2883,2937,2883,2935,1812
2014/8/11 15:00:00,2932,2956,2916,2925,1646
2014/8/12 15:00:00,2910,2937,2901,2917,1504
2014/8/13 15:00:00,2936,3012,2933,2990,3748
2014/8/14 15:00:00,2989,2999,2970,2995,2270
2014/8/15 15:00:00,2988,2998,2958,2976,1888
2014/8/18 15:00:00,2975,2986,2961,2978,1748
2014/8/19 15:00:00,2974,2997,2970,2987,3178
2014/8/20 15:00:00,2987,2987,2963,2968,1612
2014/8/21 15:00:00,2972,2984,2960,2964,1466
2014/8/22 15:00:00,2963,2970,2940,2943,1548
2014/8/25 15:00:00,2942,2945,2890,2891,3472
2014/8/26 15:00:00,2882,2889,2832,2840,6566
2014/8/27 15:00:00,2840,2874,2840,2858,3486
2014/8/28 15:00:00,2859,2873,2836,2841,3270
2014/8/29 15:00:00,2841,2843,2793,2826,6506
2014/9/1 15:00:00,2825,2866,2825,2848,3408
2014/9/2 15:00:00,2851,2961,2849,2851,5460
2014/9/3 15:00:00,2848,2869,2836,2850,3438
2014/9/4 15:00:00,2855,2880,2855,2857,2484
2014/9/5 15:00:00,2864,2866,2845,2859,2252
2014/9/9 15:00:00,2862,2867,2842,2852,2104
2014/9/10 15:00:00,2843,2878,2822,2856,3892
2014/9/11 15:00:00,2856,2866,2845,2857,2234
2014/9/12 15:00:00,2853,2861,2815,2823,7346
2014/9/15 15:00:00,2811,2868,2811,2868,7180
2014/9/16 15:00:00,2878,2907,2872,2892,9474
2014/9/17 15:00:00,2912,2919,2890,2912,6290
2014/9/18 15:00:00,2910,2917,2894,2904,4290
2014/9/19 15:00:00,2902,2928,2898,2925,5026
2014/9/22 15:00:00,2926,2941,2897,2920,9234
2014/9/23 15:00:00,2920,2929,2855,2858,12350
2014/9/24 15:00:00,2858,2890,2843,2875,4788
2014/9/25 15:00:00,2873,2885,2861,2872,3262
2014/9/26 15:00:00,2868,2876,2857,2871,4600
2014/9/29 15:00:00,2858,2860,2845,2847,3720
2014/9/30 15:00:00,2853,2896,2853,2875,3312
2014/10/8 15:00:00,2869,2871,2833,2833,2786
2014/10/9 15:00:00,2830,2850,2800,2842,2972
2014/10/10 15:00:00,2826,2826,2734,2751,9036
2014/10/13 15:00:00,2751,2780,2749,2753,6642
2014/10/14 15:00:00,2755,2788,2738,2783,5276
2014/10/15 15:00:00,2750,2804,2743,2779,4260
2014/10/16 15:00:00,2771,2786,2757,2766,5926
2014/10/17 15:00:00,2785,2801,2744,2744,6080
2014/10/20 15:00:00,2742,2753,2697,2710,28628
2014/10/21 15:00:00,2704,2744,2700,2735,11210
2014/10/22 15:00:00,2736,2757,2727,2739,8886
2014/10/23 15:00:00,2729,2775,2720,2773,9248
2014/10/24 15:00:00,2775,2792,2757,2791,18190
2014/10/27 15:00:00,2778,2798,2752,2772,17668
2014/10/28 15:00:00,2768,2777,2758,2770,7648
2014/10/29 15:00:00,2777,2783,2767,2782,6036
2014/10/30 15:00:00,2800,2830,2780,2781,7628
2014/10/31 15:00:00,2772,2776,2750,2769,11562
2014/11/3 15:00:00,2768,2768,2704,2714,16694
2014/11/4 15:00:00,2682,2717,2679,2705,13562
2014/11/5 15:00:00,2702,2711,2656,2664,16876
2014/11/6 15:00:00,2675,2677,2592,2628,32504
2014/11/7 15:00:00,2624,2624,2585,2601,26772
2014/11/10 15:00:00,2603,2640,2596,2628,21164
2014/11/11 15:00:00,2616,2653,2613,2639,18810
2014/11/12 15:00:00,2650,2683,2642,2680,20952
2014/11/13 15:00:00,2760,2760,2660,2678,20040
2014/11/14 15:00:00,2656,2675,2652,2661,13172
2014/11/17 15:00:00,2679,2699,2633,2642,21902
2014/11/18 15:00:00,2647,2655,2628,2648,19958
2014/11/19 15:00:00,2645,2689,2634,2658,38256
2014/11/20 15:00:00,2654,2723,2653,2691,113206
2014/11/21 15:00:00,2700,2711,2666,2690,60090
2014/11/24 15:00:00,2681,2692,2641,2649,44118
2014/11/25 15:00:00,2650,2665,2624,2660,45612
2014/11/26 15:00:00,2649,2667,2596,2610,75574
2014/11/27 15:00:00,2595,2612,2553,2579,79142
2014/11/28 15:00:00,2546,2565,2517,2538,56390
2014/12/1 15:00:00,2501,2505,2460,2480,61584
2014/12/2 15:00:00,2550,2551,2483,2483,70190
2014/12/3 15:00:00,2474,2516,2474,2505,60784
2014/12/4 15:00:00,2503,2543,2434,2468,157708
2014/12/5 15:00:00,2465,2482,2438,2444,84044
2014/12/8 15:00:00,2420,2429,2354,2354,166144
2014/12/9 15:00:00,2321,2348,2287,2322,226256
2014/12/10 15:00:00,2335,2365,2304,2335,195176
2014/12/11 15:00:00,2300,2345,2298,2312,187452
2014/12/12 15:00:00,2316,2335,2274,2329,363590
2014/12/15 15:00:00,2323,2346,2262,2287,607090
2014/12/16 15:00:00,2277,2286,2206,2213,718058
2014/12/17 15:00:00,2187,2198,2150,2150,1003206
2014/12/18 15:00:00,2108,2110,2015,2015,1192286
2014/12/19 15:00:00,1999,2114,1981,2055,3237494
2014/12/22 15:00:00,2080,2098,2023,2028,2043002
2014/12/23 15:00:00,2000,2046,1977,1985,2500976
2014/12/24 15:00:00,1993,2095,1990,2088,3839556
2014/12/25 15:00:00,2073,2093,2061,2073,2001706
2014/12/26 15:00:00,2080,2112,2077,2086,1603144
2014/12/29 15:00:00,2089,2095,2035,2050,1756778
2014/12/30 15:00:00,2049,2088,2025,2041,2042688
2014/12/31 15:00:00,2038,2074,2036,2051,1344154
2015/1/5 15:00:00,2030,2057,2001,2008,848336
2015/1/6 15:00:00,1990,2041,1986,2022,1459904
2015/1/7 15:00:00,2014,2053,2000,2022,1956456
2015/1/8 15:00:00,2039,2048,2023,2031,1254914
2015/1/9 15:00:00,2036,2038,2006,2017,1134404
2015/1/12 15:00:00,2009,2022,1943,1945,1922098
2015/1/13 15:00:00,1940,1948,1897,1909,1754696
2015/1/14 15:00:00,1902,1958,1902,1922,2146990
2015/1/15 15:00:00,1929,1967,1915,1964,1804932
2015/1/16 15:00:00,1978,2014,1940,1984,3245946
2015/1/19 15:00:00,1986,2017,1978,2006,2255154
2015/1/20 15:00:00,2005,2012,1981,2004,1538922
2015/1/21 15:00:00,2008,2075,1992,2047,2224040
2015/1/22 15:00:00,2040,2090,2036,2052,2157772
2015/1/23 15:00:00,2063,2077,2033,2056,1699472
2015/1/26 15:00:00,2046,2057,2003,2018,1741602
2015/1/27 15:00:00,2029,2044,2019,2031,1347004
2015/1/28 15:00:00,2030,2087,2027,2077,2328506
2015/1/29 15:00:00,2080,2082,2052,2068,1438492
2015/1/30 15:00:00,2065,2069,2030,2037,1330872
2015/2/2 15:00:00,2043,2110,2020,2077,2024230
2015/2/3 15:00:00,2090,2139,2078,2124,3289656
2015/2/4 15:00:00,2136,2180,2118,2131,2562368
2015/2/5 15:00:00,2133,2142,2109,2127,1856124
2015/2/6 15:00:00,2141,2171,2136,2164,2532620
2015/2/9 15:00:00,2157,2163,2132,2143,1496256
2015/2/10 15:00:00,2147,2158,2124,2131,1338972
2015/2/11 15:00:00,2129,2140,2116,2138,1302640
2015/2/12 15:00:00,2135,2163,2127,2163,1660278
2015/2/13 15:00:00,2167,2227,2161,2227,2582492
2015/2/16 15:00:00,2245,2270,2222,2255,1963642
2015/2/17 15:00:00,2254,2271,2224,2245,1105950
2015/2/25 15:00:00,2208,2291,2200,2277,1317238
2015/2/26 15:00:00,2281,2348,2271,2347,2685076
2015/2/27 15:00:00,2340,2365,2321,2356,3072800
2015/3/2 15:00:00,2356,2437,2356,2437,3422588
2015/3/3 15:00:00,2448,2537,2408,2415,6061648
2015/3/4 15:00:00,2416,2433,2371,2399,5918212
2015/3/5 15:00:00,2407,2451,2346,2445,8327044
2015/3/6 15:00:00,2448,2473,2416,2441,8520802
2015/3/9 15:00:00,2447,2484,2371,2470,9020298
2015/3/10 15:00:00,2469,2484,2413,2424,8152542
2015/3/11 15:00:00,2416,2443,2389,2400,7491580
2015/3/12 15:00:00,2405,2476,2386,2476,6740970
2015/3/13 15:00:00,2479,2481,2434,2443,5297354
2015/3/16 15:00:00,2428,2446,2403,2425,5521332
2015/3/17 15:00:00,2417,2443,2366,2385,7095116
2015/3/18 15:00:00,2370,2396,2318,2322,5443530
2015/3/19 15:00:00,2320,2373,2306,2320,5250016
2015/3/20 15:00:00,2303,2358,2303,2328,4735116
2015/3/23 15:00:00,2337,2367,2313,2335,5366786
2015/3/24 15:00:00,2338,2435,2335,2435,6262450
2015/3/25 15:00:00,2450,2462,2388,2401,3237390
2015/3/26 15:00:00,2414,2444,2400,2434,3904026
2015/3/27 15:00:00,2425,2437,2357,2393,4021140
2015/3/30 15:00:00,2401,2402,2353,2372,2686254
2015/3/31 15:00:00,2374,2426,2360,2406,3925012
2015/4/1 15:00:00,2403,2418,2374,2412,2746954
2015/4/2 15:00:00,2415,2485,2406,2468,4763696
2015/4/3 15:00:00,2448,2455,2382,2404,3287526
2015/4/7 15:00:00,2435,2444,2423,2432,995322
2015/4/8 15:00:00,2424,2448,2408,2431,2465398
2015/4/9 15:00:00,2428,2433,2377,2401,1789408
2015/4/10 15:00:00,2405,2418,2370,2378,1694448
2015/4/13 15:00:00,2377,2439,2367,2418,1478096
2015/4/14 15:00:00,2428,2433,2394,2416,867632
2015/4/15 15:00:00,2413,2436,2413,2419,776706
2015/4/16 15:00:00,2424,2522,2423,2522,983104
2015/4/17 15:00:00,2525,2582,2502,2554,3302062
2015/4/20 15:00:00,2547,2612,2533,2588,3037046
2015/4/21 15:00:00,2575,2600,2538,2554,3416262
2015/4/22 15:00:00,2558,2567,2518,2546,2857792
2015/4/23 15:00:00,2554,2565,2522,2534,2883440
2015/4/24 15:00:00,2547,2583,2545,2571,2809998
2015/4/27 15:00:00,2575,2610,2554,2590,2652542
2015/4/28 15:00:00,2592,2654,2578,2588,3394184
2015/4/29 15:00:00,2606,2607,2527,2546,2988230
2015/4/30 15:00:00,2553,2584,2544,2572,2577690
2015/5/4 15:00:00,2583,2586,2536,2563,1349964
2015/5/5 15:00:00,2573,2580,2551,2564,2152702
2015/5/6 15:00:00,2585,2622,2577,2590,3288756
2015/5/7 15:00:00,2600,2604,2533,2543,2708898
2015/5/8 15:00:00,2544,2544,2482,2511,2975312
2015/5/11 15:00:00,2523,2527,2496,2515,1885392
2015/5/12 15:00:00,2510,2520,2488,2502,1753122
2015/5/13 15:00:00,2515,2524,2496,2506,1599226
2015/5/14 15:00:00,2513,2516,2456,2492,2300260
2015/5/15 15:00:00,2492,2512,2483,2501,1899626
2015/5/18 15:00:00,2490,2498,2474,2489,1573784
2015/5/19 15:00:00,2485,2488,2437,2437,1815700
2015/5/20 15:00:00,2423,2435,2394,2432,2639500
2015/5/21 15:00:00,2436,2468,2428,2457,2253050
2015/5/22 15:00:00,2458,2485,2451,2469,1792956
2015/5/25 15:00:00,2448,2467,2429,2463,1532226
2015/5/26 15:00:00,2459,2510,2457,2457,1893466
2015/5/27 15:00:00,2443,2468,2435,2464,1612222
2015/5/28 15:00:00,2451,2477,2441,2454,1760826
2015/5/29 15:00:00,2429,2493,2429,2478,1986242
2015/6/1 15:00:00,2480,2501,2466,2473,1635940
2015/6/2 15:00:00,2472,2489,2451,2468,1373888
2015/6/3 15:00:00,2465,2495,2445,2450,1790570
2015/6/4 15:00:00,2436,2457,2416,2448,1641074
2015/6/5 15:00:00,2447,2458,2428,2435,1357330
2015/6/8 15:00:00,2442,2455,2431,2454,1054440
2015/6/9 15:00:00,2450,2474,2442,2458,961072
2015/6/10 15:00:00,2466,2485,2463,2483,1132152
2015/6/11 15:00:00,2493,2493,2438,2439,1512316
2015/6/12 15:00:00,2434,2450,2408,2443,1445464
2015/6/15 15:00:00,2445,2467,2439,2466,1225820
2015/6/16 15:00:00,2460,2532,2459,2513,2372060
2015/6/17 15:00:00,2503,2528,2489,2516,1846054
2015/6/18 15:00:00,2529,2536,2486,2490,1770100
2015/6/19 15:00:00,2499,2523,2491,2515,1515648
2015/6/23 15:00:00,2513,2519,2476,2485,817192
2015/6/24 15:00:00,2481,2515,2471,2509,1225688
2015/6/25 15:00:00,2505,2517,2496,2501,1101654
2015/6/26 15:00:00,2498,2524,2485,2515,1307862
2015/6/29 15:00:00,2505,2512,2482,2489,1054960
2015/6/30 15:00:00,2489,2505,2436,2487,1829708
2015/7/1 15:00:00,2493,2498,2475,2481,964346
2015/7/2 15:00:00,2479,2505,2458,2490,1312538
2015/7/3 15:00:00,2497,2501,2470,2473,882906
2015/7/6 15:00:00,2471,2476,2429,2439,1646258
2015/7/7 15:00:00,2435,2445,2355,2355,2270094
2015/7/8 15:00:00,2309,2327,2234,2234,1118426
2015/7/9 15:00:00,2165,2400,2126,2350,2393790
2015/7/10 15:00:00,2369,2387,2325,2384,1678276
2015/7/13 15:00:00,2366,2378,2332,2354,1230962
2015/7/14 15:00:00,2360,2376,2302,2314,1463224
2015/7/15 15:00:00,2330,2347,2302,2310,1596126
2015/7/16 15:00:00,2300,2313,2255,2289,1906260
2015/7/17 15:00:00,2301,2316,2281,2302,1071408
2015/7/20 15:00:00,2287,2319,2283,2316,1024750
2015/7/21 15:00:00,2316,2323,2268,2287,1111876
2015/7/22 15:00:00,2292,2312,2286,2308,1047864
2015/7/23 15:00:00,2304,2312,2271,2285,1180040
2015/7/24 15:00:00,2287,2299,2250,2257,952620
2015/7/27 15:00:00,2238,2244,2167,2167,799812
2015/7/28 15:00:00,2142,2188,2108,2171,637972
2015/7/29 15:00:00,2183,2210,2148,2163,629604
2015/7/30 15:00:00,2156,2206,2153,2168,801396
2015/7/31 15:00:00,2174,2181,2156,2162,653918
2015/8/3 15:00:00,2156,2185,2081,2081,999420
2015/8/5 15:00:00,2060,2079,2046,2070,1583648
2015/8/6 15:00:00,2070,2075,2008,2008,2239070
2015/8/7 15:00:00,2000,2030,1984,2024,2178826
2015/8/10 15:00:00,2016,2055,2006,2050,1847664
2015/8/11 15:00:00,2054,2109,2046,2080,2652408
2015/8/12 15:00:00,2060,2101,2054,2095,2391354
2015/8/13 15:00:00,2109,2160,2079,2160,2640140
2015/8/14 15:00:00,2151,2154,2098,2114,3324214
2015/8/17 15:00:00,2116,2141,2077,2092,2619970
2015/8/18 15:00:00,2087,2107,2037,2041,2655960
2015/8/19 15:00:00,2047,2062,2035,2058,2347812
2015/8/20 15:00:00,2055,2067,2016,2025,2413604
2015/8/21 15:00:00,2040,2059,2026,2031,2409488
2015/8/24 15:00:00,2025,2040,1957,1957,1742210
2015/8/25 15:00:00,1930,1954,1863,1902,3631374
2015/8/26 15:00:00,1960,1962,1860,1874,4071352
2015/8/27 15:00:00,1877,1936,1870,1932,3511914
2015/8/28 15:00:00,1939,1980,1928,1980,1821730
2015/8/31 15:00:00,1975,1987,1910,1917,3550146
2015/9/1 15:00:00,1901,1964,1897,1924,3831494
2015/9/2 15:00:00,1906,1929,1882,1925,3215972
2015/9/7 15:00:00,1915,1942,1899,1907,1793678
2015/9/8 15:00:00,1910,1927,1901,1926,2317218
2015/9/9 15:00:00,1933,1973,1927,1932,4314616
2015/9/10 15:00:00,1933,1946,1917,1945,3013182
2015/9/11 15:00:00,1942,1975,1940,1949,4111564
2015/9/14 15:00:00,1940,1952,1908,1908,2854200
2015/9/15 15:00:00,1908,1928,1902,1905,2751702
2015/9/16 15:00:00,1909,1938,1908,1927,3146584
2015/9/17 15:00:00,1937,1960,1932,1943,3438894
2015/9/18 15:00:00,1940,1960,1934,1935,2888580
2015/9/21 15:00:00,1927,1951,1917,1950,2324002
2015/9/22 15:00:00,1955,1984,1944,1963,2969098
2015/9/23 15:00:00,1952,2003,1947,1997,4263826
2015/9/24 15:00:00,1994,2009,1973,1980,3234650
2015/9/25 15:00:00,1970,1997,1953,1957,3008276
2015/9/28 15:00:00,1951,1966,1948,1949,1152086
2015/9/29 15:00:00,1947,1949,1896,1919,2066956
2015/9/30 15:00:00,1928,1933,1909,1916,1132834
2015/10/8 15:00:00,1962,2032,1958,1975,1002528
2015/10/9 15:00:00,1978,2062,1971,2036,2203456
2015/10/12 15:00:00,2031,2045,2010,2041,1949254
2015/10/13 15:00:00,2033,2033,2004,2025,1494286
2015/10/14 15:00:00,2020,2035,2005,2009,1453984
2015/10/15 15:00:00,2010,2020,1996,1996,1548634
2015/10/16 15:00:00,1994,1997,1962,1966,1903944
2015/10/19 15:00:00,1967,1979,1947,1949,1390746
2015/10/20 15:00:00,1940,1946,1927,1936,1215224
2015/10/21 15:00:00,1938,1946,1916,1919,1181854
2015/10/22 15:00:00,1917,1939,1914,1923,1368028
2015/10/23 15:00:00,1928,1937,1865,1896,2640948
2015/10/26 15:00:00,1887,1894,1869,1884,1749406
2015/10/27 15:00:00,1880,1887,1851,1877,1874134
2015/10/28 15:00:00,1875,1885,1864,1873,1385074
2015/10/29 15:00:00,1879,1912,1875,1876,1835584
2015/10/30 15:00:00,1882,1886,1847,1859,1825218
2015/11/2 15:00:00,1861,1889,1850,1884,1708820
2015/11/3 15:00:00,1878,1885,1864,1868,1267952
2015/11/4 15:00:00,1873,1915,1869,1910,1861656
2015/11/5 15:00:00,1910,1922,1886,1889,1577424
2015/11/6 15:00:00,1888,1915,1876,1914,2000396
2015/11/9 15:00:00,1911,1927,1895,1904,1661710
2015/11/10 15:00:00,1908,1914,1882,1901,1205814
2015/11/11 15:00:00,1900,1904,1866,1873,1483572
2015/11/12 15:00:00,1874,1893,1870,1886,1094572
2015/11/13 15:00:00,1879,1920,1875,1917,1762674
2015/11/16 15:00:00,1918,1925,1887,1889,1452114
2015/11/17 15:00:00,1899,1905,1878,1903,1301356
2015/11/18 15:00:00,1896,1909,1803,1840,3226926
2015/11/19 15:00:00,1840,1858,1826,1836,1291426
2015/11/20 15:00:00,1831,1851,1793,1805,2150742
2015/11/23 15:00:00,1808,1820,1731,1731,2340410
2015/11/24 15:00:00,1742,1816,1733,1807,2252092
2015/11/25 15:00:00,1805,1843,1799,1840,1782530
2015/11/26 15:00:00,1825,1885,1804,1850,1637088
2015/11/27 15:00:00,1842,1860,1830,1856,737774
2015/11/30 15:00:00,1670,1673,1622,1652,1606620
2015/12/1 15:00:00,1651,1695,1641,1687,2144352
2015/12/2 15:00:00,1681,1703,1666,1668,1737922
2015/12/3 15:00:00,1665,1665,1633,1644,1778536
2015/12/4 15:00:00,1649,1658,1616,1640,1633858
2015/12/7 15:00:00,1651,1663,1618,1658,1764864
2015/12/8 15:00:00,1647,1653,1592,1610,2556420
2015/12/9 15:00:00,1597,1633,1590,1625,1726832
2015/12/10 15:00:00,1620,1630,1605,1625,1363494
2015/12/11 15:00:00,1625,1654,1623,1651,1737114
2015/12/14 15:00:00,1645,1668,1623,1666,1712444
2015/12/15 15:00:00,1651,1690,1649,1665,1837510
2015/12/16 15:00:00,1667,1677,1660,1671,1396290
2015/12/17 15:00:00,1667,1686,1650,1651,1574306
2015/12/18 15:00:00,1646,1674,1640,1668,1476174
2015/12/21 15:00:00,1666,1695,1662,1690,1803414
2015/12/22 15:00:00,1687,1698,1673,1688,1876476
2015/12/23 15:00:00,1687,1707,1675,1703,2313678
2015/12/24 15:00:00,1708,1726,1704,1712,2188154
2015/12/25 15:00:00,1711,1720,1706,1710,950388
2015/12/28 15:00:00,1712,1716,1679,1680,1182048
2015/12/29 15:00:00,1673,1731,1672,1726,1678350
2015/12/30 15:00:00,1731,1748,1724,1733,1773006
2015/12/31 15:00:00,1732,1754,1726,1736,1275544
2016/1/4 15:00:00,1750,1765,1708,1720,1087360
2016/1/5 15:00:00,1721,1746,1719,1743,1361342
2016/1/6 15:00:00,1740,1757,1734,1740,1634662
2016/1/7 15:00:00,1728,1747,1719,1738,1771908
2016/1/8 15:00:00,1739,1774,1722,1767,2510164
2016/1/11 15:00:00,1764,1769,1715,1722,2164664
2016/1/12 15:00:00,1723,1729,1704,1711,1743188
2016/1/13 15:00:00,1718,1732,1692,1701,1765784
2016/1/14 15:00:00,1706,1723,1694,1720,1534192
2016/1/15 15:00:00,1718,1728,1708,1712,1194022
2016/1/18 15:00:00,1700,1751,1685,1747,2062786
2016/1/19 15:00:00,1748,1781,1743,1776,1720884
2016/1/20 15:00:00,1779,1779,1747,1758,1181446
2016/1/21 15:00:00,1760,1778,1749,1756,1488586
2016/1/22 15:00:00,1757,1786,1748,1754,1971420
2016/1/25 15:00:00,1758,1767,1741,1747,1453548
2016/1/26 15:00:00,1742,1760,1733,1749,1313080
2016/1/27 15:00:00,1754,1776,1743,1773,1579102
2016/1/28 15:00:00,1769,1773,1750,1751,1063790
2016/1/29 15:00:00,1753,1767,1743,1751,1150406
2016/2/1 15:00:00,1750,1764,1747,1751,774408
2016/2/2 15:00:00,1748,1758,1725,1756,1345650
2016/2/3 15:00:00,1755,1770,1744,1762,940536
2016/2/4 15:00:00,1763,1803,1760,1795,1389040
2016/2/5 15:00:00,1791,1799,1781,1788,657320
2016/2/15 15:00:00,1780,1834,1779,1821,841648
2016/2/16 15:00:00,1824,1837,1820,1827,785004
2016/2/17 15:00:00,1827,1842,1815,1823,1113092
2016/2/18 15:00:00,1829,1836,1819,1830,850848
2016/2/19 15:00:00,1831,1866,1830,1855,1250902
2016/2/22 15:00:00,1855,1896,1843,1852,1491452
2016/2/23 15:00:00,1855,1865,1841,1856,1002438
2016/2/24 15:00:00,1860,1861,1819,1820,1146558
2016/2/25 15:00:00,1810,1832,1801,1811,1591222
2016/2/26 15:00:00,1814,1822,1767,1775,1647296
2016/2/29 15:00:00,1775,1795,1761,1775,1296230
2016/3/1 15:00:00,1780,1824,1775,1823,1534700
2016/3/2 15:00:00,1825,1841,1802,1815,1558568
2016/3/3 15:00:00,1812,1839,1776,1782,2204790
2016/3/4 15:00:00,1778,1830,1775,1824,2050276
2016/3/7 15:00:00,1828,1890,1826,1890,2289844
2016/3/8 15:00:00,1894,1944,1832,1888,2972792
2016/3/9 15:00:00,1899,1984,1861,1961,4409694
2016/3/10 15:00:00,1965,1987,1907,1920,2563744
2016/3/11 15:00:00,1921,1932,1906,1917,1447354
2016/3/14 15:00:00,1911,1947,1883,1917,1552656
2016/3/15 15:00:00,1910,1927,1900,1900,1006766
2016/3/16 15:00:00,1900,1933,1895,1926,1050862
2016/3/17 15:00:00,1928,1960,1922,1947,1223772
2016/3/18 15:00:00,1949,2035,1945,1997,1841024
2016/3/21 15:00:00,2006,2046,1987,2028,1376770
2016/3/22 15:00:00,2034,2075,1996,2005,1884240
2016/3/23 15:00:00,2005,2031,1981,1982,1093676
2016/3/24 15:00:00,1981,1989,1916,1927,1133610
2016/3/25 15:00:00,1920,1949,1902,1923,1045956
2016/3/28 15:00:00,1923,1945,1895,1896,916014
2016/3/29 15:00:00,1900,1908,1882,1885,753616
2016/3/30 15:00:00,1880,1906,1866,1882,702338
2016/3/31 15:00:00,1891,1914,1864,1872,754992
2016/4/1 15:00:00,1875,1889,1863,1879,615164
2016/4/5 15:00:00,1860,1866,1830,1841,420184
2016/4/6 15:00:00,1835,1867,1835,1850,379204
2016/4/7 15:00:00,1852,1863,1846,1850,254140
2016/4/8 15:00:00,1903,1909,1888,1898,612266
2016/4/11 15:00:00,1915,1948,1855,1863,1830676
2016/4/12 15:00:00,1870,1890,1865,1884,1093990
2016/4/13 15:00:00,1888,1971,1885,1924,2115010
2016/4/14 15:00:00,1929,1994,1924,1980,1628544
2016/4/15 15:00:00,1997,2002,1944,1960,1358180
2016/4/18 15:00:00,1945,1978,1925,1962,1117620
2016/4/19 15:00:00,1960,2006,1938,1963,1492600
2016/4/20 15:00:00,1967,1995,1946,1982,1644904
2016/4/21 15:00:00,1985,2073,1962,2057,2450504
2016/4/22 15:00:00,2057,2065,1952,1995,1749722
2016/4/25 15:00:00,2008,2098,1982,2037,2212954
2016/4/26 15:00:00,2041,2072,2013,2037,1488120
2016/4/27 15:00:00,2049,2090,2030,2058,1855864
2016/4/28 15:00:00,2066,2082,2016,2028,1488530
2016/4/29 15:00:00,2036,2061,2032,2052,987244
2016/5/3 15:00:00,2044,2048,1990,2003,675928
2016/5/4 15:00:00,1985,2007,1980,1994,691426
2016/5/5 15:00:00,2004,2016,1974,1977,885464
2016/5/6 15:00:00,1994,2001,1930,1933,1043408
2016/5/9 15:00:00,1922,1954,1905,1913,909220
2016/5/10 15:00:00,1903,1946,1899,1938,835592
2016/5/11 15:00:00,1942,1962,1936,1955,756212
2016/5/12 15:00:00,1960,1962,1928,1948,916486
2016/5/13 15:00:00,1952,1960,1883,1897,1283280
2016/5/16 15:00:00,1895,1916,1874,1908,887244
2016/5/17 15:00:00,1913,1927,1900,1924,847186
2016/5/18 15:00:00,1915,1937,1889,1891,900300
2016/5/19 15:00:00,1901,1906,1837,1854,1237114
2016/5/20 15:00:00,1846,1876,1839,1863,687714
2016/5/23 15:00:00,1860,1866,1807,1827,919768
2016/5/24 15:00:00,1824,1845,1811,1816,677826
2016/5/25 15:00:00,1828,1849,1820,1847,646720
2016/5/26 15:00:00,1849,1898,1841,1893,717978
2016/5/27 15:00:00,1897,1903,1861,1861,706426
2016/5/30 15:00:00,1856,1899,1847,1897,605980
2016/5/31 15:00:00,1899,1917,1885,1906,646676
2016/6/1 15:00:00,1907,1907,1866,1877,645028
2016/6/2 15:00:00,1875,1922,1873,1918,673296
2016/6/3 15:00:00,1911,1926,1904,1916,636524
2016/6/6 15:00:00,1916,1931,1895,1924,634492
2016/6/7 15:00:00,1930,1936,1899,1914,539792
2016/6/8 15:00:00,1914,1922,1896,1898,499888
2016/6/13 15:00:00,1880,1887,1851,1862,559586
2016/6/14 15:00:00,1862,1884,1845,1850,719692
2016/6/15 15:00:00,1850,1866,1841,1863,521828
2016/6/16 15:00:00,1865,1879,1848,1864,590098
2016/6/17 15:00:00,1858,1892,1852,1888,655962
2016/6/20 15:00:00,1890,1915,1883,1914,539394
2016/6/21 15:00:00,1920,1920,1890,1901,470242
2016/6/22 15:00:00,1890,1915,1886,1908,534014
2016/6/23 15:00:00,1908,1927,1891,1896,603574
2016/6/24 15:00:00,1903,1915,1852,1860,969666
2016/6/27 15:00:00,1859,1916,1856,1916,691484
2016/6/28 15:00:00,1910,1979,1903,1979,1096392
2016/6/29 15:00:00,1984,2009,1955,1980,1097322
2016/6/30 15:00:00,1980,2014,1971,1998,1011696
2016/7/1 15:00:00,1990,2009,1962,1979,790236
2016/7/4 15:00:00,1973,2062,1973,2036,1453096
2016/7/5 15:00:00,2040,2042,1932,1970,1046864
2016/7/6 15:00:00,1965,1983,1913,1936,954804
2016/7/7 15:00:00,1932,1969,1912,1946,694416
2016/7/8 15:00:00,1952,1965,1889,1889,885682
2016/7/11 15:00:00,1900,1927,1890,1898,505600
2016/7/12 15:00:00,1907,1949,1906,1945,579358
2016/7/13 15:00:00,1955,1989,1932,1959,848894
2016/7/14 15:00:00,1958,1971,1935,1969,812660
2016/7/15 15:00:00,1971,1976,1920,1924,815088
2016/7/18 15:00:00,1935,1936,1878,1878,687674
2016/7/19 15:00:00,1873,1896,1868,1887,541770
2016/7/20 15:00:00,1881,1889,1861,1875,480806
2016/7/21 15:00:00,1873,1908,1863,1900,520402
2016/7/22 15:00:00,1900,1906,1842,1854,619396
2016/7/25 15:00:00,1856,1868,1834,1846,518578
2016/7/26 15:00:00,1840,1867,1831,1859,452882
2016/7/27 15:00:00,1851,1877,1839,1843,424502
2016/7/28 15:00:00,1850,1871,1835,1860,457318
2016/7/29 15:00:00,1863,1883,1839,1846,639360
2016/8/1 15:00:00,1855,1928,1850,1925,896582
2016/8/2 15:00:00,1918,1930,1905,1927,455178
2016/8/3 15:00:00,1931,1936,1896,1911,470846
2016/8/4 15:00:00,1910,1925,1883,1899,485844
2016/8/5 15:00:00,1897,1919,1887,1903,384736
2016/8/8 15:00:00,1904,1927,1891,1893,483050
2016/8/9 15:00:00,2020,2049,2007,2046,474354
2016/8/10 15:00:00,2046,2060,2019,2023,566218
2016/8/11 15:00:00,2032,2058,2014,2042,632990
2016/8/12 15:00:00,2046,2066,2035,2042,584296
2016/8/15 15:00:00,2037,2072,2037,2061,579944
2016/8/16 15:00:00,2065,2073,2051,2053,461106
2016/8/17 15:00:00,2057,2070,2038,2045,439722
2016/8/18 15:00:00,2047,2051,2015,2034,491426
2016/8/19 15:00:00,2033,2041,2016,2027,386604
2016/8/22 15:00:00,2022,2032,1952,1957,659736
2016/8/23 15:00:00,1948,1976,1948,1957,370286
2016/8/24 15:00:00,1958,1971,1951,1954,340754
2016/8/25 15:00:00,1954,1985,1932,1975,701644
2016/8/26 15:00:00,1979,1979,1942,1945,483732
2016/8/29 15:00:00,1949,1956,1918,1919,626926
2016/8/30 15:00:00,1917,1935,1916,1923,380350
2016/8/31 15:00:00,1925,1949,1922,1934,569520
2016/9/1 15:00:00,1934,1962,1927,1955,529430
2016/9/2 15:00:00,1952,1979,1950,1962,392756
2016/9/5 15:00:00,1969,2013,1959,2012,547732
2016/9/6 15:00:00,2017,2034,2004,2032,715256
2016/9/7 15:00:00,2025,2031,2010,2023,580182
2016/9/8 15:00:00,2020,2047,2005,2034,762242
2016/9/9 15:00:00,2036,2038,2019,2022,475240
2016/9/12 15:00:00,2019,2067,2016,2031,1266116
2016/9/13 15:00:00,2030,2048,2015,2031,920010
2016/9/14 15:00:00,2029,2045,2021,2039,799506
2016/9/19 15:00:00,2043,2095,2038,2085,914028
2016/9/20 15:00:00,2083,2098,2070,2083,790116
2016/9/21 15:00:00,2079,2098,2045,2056,1081322
2016/9/22 15:00:00,2056,2071,2040,2044,993136
2016/9/23 15:00:00,2049,2057,2014,2033,894008
2016/9/26 15:00:00,2029,2048,2022,2025,593862
2016/9/27 15:00:00,2030,2038,2016,2029,592134
2016/9/28 15:00:00,2028,2061,2020,2060,812178
2016/9/29 15:00:00,2058,2122,2049,2100,1165784
2016/9/30 15:00:00,2099,2110,2079,2091,696044
2016/10/10 15:00:00,2193,2215,2147,2194,767336
2016/10/11 15:00:00,2200,2273,2200,2238,1873228
2016/10/12 15:00:00,2240,2257,2219,2254,897578
2016/10/13 15:00:00,2251,2260,2211,2236,963676
2016/10/14 15:00:00,2240,2277,2227,2236,1527358
2016/10/17 15:00:00,2247,2289,2231,2259,1281554
2016/10/18 15:00:00,2265,2290,2240,2282,1139102
2016/10/19 15:00:00,2280,2326,2250,2278,1861560
2016/10/20 15:00:00,2287,2306,2253,2255,1305440
2016/10/21 15:00:00,2248,2260,2226,2240,1083174
2016/10/24 15:00:00,2240,2253,2222,2252,909544
2016/10/25 15:00:00,2252,2332,2252,2297,1477058
2016/10/26 15:00:00,2302,2361,2288,2341,1699784
2016/10/27 15:00:00,2333,2355,2312,2330,1010544
2016/10/28 15:00:00,2333,2389,2331,2384,939256
2016/10/31 15:00:00,2390,2477,2367,2477,1087898
2016/11/1 15:00:00,2490,2494,2434,2453,1290856
2016/11/2 15:00:00,2455,2479,2382,2392,1084172
2016/11/3 15:00:00,2394,2422,2360,2420,837384
2016/11/4 15:00:00,2422,2461,2343,2352,1367328
2016/11/7 15:00:00,2349,2442,2329,2416,1231304
2016/11/8 15:00:00,2419,2425,2357,2381,1286220
2016/11/9 15:00:00,2379,2483,2364,2422,997840
2016/11/10 15:00:00,2434,2473,2365,2397,962812
2016/11/11 15:00:00,2396,2522,2369,2468,1374000
2016/11/14 15:00:00,2471,2519,2336,2336,1131176
2016/11/15 15:00:00,2336,2398,2282,2297,759382
2016/11/16 15:00:00,2310,2384,2304,2370,675156
2016/11/17 15:00:00,2367,2467,2357,2467,1200770
2016/11/18 15:00:00,2500,2500,2423,2458,800954
2016/11/21 15:00:00,2464,2577,2447,2569,1058520
2016/11/22 15:00:00,2572,2614,2545,2590,1026120
2016/11/23 15:00:00,2576,2603,2551,2570,769762
2016/11/24 15:00:00,2572,2598,2495,2519,1073350
2016/11/25 15:00:00,2519,2536,2487,2504,538574
2016/11/28 15:00:00,2510,2559,2497,2540,587630
2016/11/29 15:00:00,2549,2555,2492,2502,398816
2016/11/30 15:00:00,2495,2505,2440,2487,418740
2016/12/1 15:00:00,2519,2535,2469,2513,400514
2016/12/2 15:00:00,2514,2581,2491,2580,617880
2016/12/5 15:00:00,2572,2660,2570,2660,762360
2016/12/6 15:00:00,2700,2754,2675,2747,979830
2016/12/7 15:00:00,2750,2848,2731,2848,955616
2016/12/8 15:00:00,2880,2880,2781,2822,1141846
2016/12/9 15:00:00,2822,2893,2783,2853,1571916
2016/12/12 15:00:00,2862,2948,2835,2874,920646
2016/12/13 15:00:00,2872,2894,2848,2883,711864
2016/12/14 15:00:00,2910,2979,2857,2974,1657448
2016/12/15 15:00:00,2980,2998,2920,2973,1387562
2016/12/16 15:00:00,2973,3011,2946,2960,1188504
2016/12/19 15:00:00,2952,2962,2822,2822,1283664
2016/12/20 15:00:00,2825,2844,2768,2813,1136426
2016/12/21 15:00:00,2833,2845,2778,2810,942124
2016/12/22 15:00:00,2812,2837,2776,2800,1248328
2016/12/23 15:00:00,2790,2794,2726,2737,1433372
2016/12/26 15:00:00,2730,2767,2682,2747,1056492
2016/12/27 15:00:00,2749,2855,2722,2852,1123256
2016/12/28 15:00:00,2860,2911,2834,2856,1272394
2016/12/29 15:00:00,2850,2897,2815,2849,1049918
2016/12/30 15:00:00,2845,2854,2730,2731,1251422
2017/1/3 15:00:00,2731,2770,2656,2667,693750
2017/1/4 15:00:00,2688,2704,2632,2670,984070
2017/1/5 15:00:00,2668,2688,2650,2661,721458
2017/1/6 15:00:00,2662,2705,2636,2646,1090264
2017/1/9 15:00:00,2650,2718,2640,2716,794198
2017/1/10 15:00:00,2705,2744,2650,2713,1110244
2017/1/11 15:00:00,2710,2752,2678,2690,1095500
2017/1/12 15:00:00,2682,2763,2670,2741,1335328
2017/1/13 15:00:00,2755,2773,2732,2759,956856
2017/1/16 15:00:00,2751,2888,2748,2870,1346956
2017/1/17 15:00:00,2877,2884,2802,2831,883048
2017/1/19 15:00:00,2824,2830,2765,2793,795168
2017/1/20 15:00:00,2790,2844,2789,2803,821124
2017/1/23 15:00:00,2807,2875,2781,2848,1057726
2017/1/24 15:00:00,2846,2879,2841,2855,620644
2017/1/25 15:00:00,2860,2948,2827,2935,665922
2017/1/26 15:00:00,2929,2940,2903,2929,429334
2017/2/3 15:00:00,2992,2992,2880,2915,370620
2017/2/6 15:00:00,2914,2947,2896,2929,557304
2017/2/7 15:00:00,2943,2969,2930,2943,718480
2017/2/8 15:00:00,2945,2963,2919,2940,790466
2017/2/9 15:00:00,2943,2985,2912,2920,1164720
2017/2/10 15:00:00,2920,2957,2890,2944,1086332
2017/2/13 15:00:00,2957,3057,2948,3045,1177996
2017/2/14 15:00:00,3042,3107,3020,3106,857562
2017/2/15 15:00:00,3106,3128,3060,3069,1512598
2017/2/16 15:00:00,3060,3119,3022,3040,1170418
2017/2/17 15:00:00,3030,3100,3011,3047,1373160
2017/2/20 15:00:00,3047,3095,3030,3056,1084448
2017/2/21 15:00:00,3058,3078,2950,2963,1515814
2017/2/22 15:00:00,2973,2979,2928,2960,975716
2017/2/23 15:00:00,2955,2971,2865,2883,1135994
2017/2/24 15:00:00,2894,2936,2882,2933,875286
2017/2/27 15:00:00,2929,2995,2910,2976,1002358
2017/2/28 15:00:00,2976,2978,2890,2909,1001902
2017/3/1 15:00:00,2908,2922,2850,2878,1156918
2017/3/2 15:00:00,2879,2898,2830,2857,1116164
2017/3/3 15:00:00,2852,2876,2828,2860,905782
2017/3/6 15:00:00,2860,2881,2820,2829,860566
2017/3/7 15:00:00,2831,2862,2829,2849,655198
2017/3/8 15:00:00,2850,2860,2762,2776,907506
2017/3/9 15:00:00,2776,2788,2693,2727,864854
2017/3/10 15:00:00,2711,2753,2697,2731,747868
2017/3/13 15:00:00,2735,2750,2603,2701,1357706
2017/3/14 15:00:00,2698,2719,2649,2662,936298
2017/3/15 15:00:00,2645,2734,2641,2720,928256
2017/3/16 15:00:00,2721,2738,2662,2679,978404
2017/3/17 15:00:00,2680,2710,2650,2675,765118
2017/3/20 15:00:00,2680,2697,2620,2633,869968
2017/3/21 15:00:00,2629,2647,2560,2571,884252
2017/3/22 15:00:00,2573,2582,2523,2530,674448
2017/3/23 15:00:00,2532,2554,2490,2526,739560
2017/3/24 15:00:00,2520,2561,2511,2547,709710
2017/3/27 15:00:00,2545,2557,2457,2481,695600
2017/3/28 15:00:00,2475,2543,2473,2515,567084
2017/3/29 15:00:00,2529,2574,2506,2552,555916
2017/3/30 15:00:00,2554,2585,2537,2554,531052
2017/3/31 15:00:00,2552,2616,2552,2575,593752
2017/4/5 15:00:00,2579,2653,2554,2649,437580
2017/4/6 15:00:00,2660,2675,2626,2661,373720
2017/4/7 15:00:00,2645,2667,2558,2596,865886
2017/4/10 15:00:00,2586,2595,2501,2533,1015908
2017/4/11 15:00:00,2535,2548,2465,2475,908868
2017/4/12 15:00:00,2479,2497,2432,2466,838878
2017/4/13 15:00:00,2466,2493,2410,2468,1041924
2017/4/14 15:00:00,2467,2488,2373,2389,1146206
2017/4/17 15:00:00,2387,2432,2362,2391,915704
2017/4/18 15:00:00,2393,2406,2342,2376,875510
2017/4/19 15:00:00,2368,2414,2332,2402,850346
2017/4/20 15:00:00,2400,2418,2338,2396,1156060
2017/4/21 15:00:00,2394,2425,2364,2382,1188178
2017/4/24 15:00:00,2379,2380,2324,2362,1080246
2017/4/25 15:00:00,2358,2374,2339,2346,763618
2017/4/26 15:00:00,2345,2387,2326,2370,937628
2017/4/27 15:00:00,2368,2396,2359,2395,716470
2017/4/28 15:00:00,2388,2419,2382,2396,830188
2017/5/2 15:00:00,2394,2402,2351,2399,609256
2017/5/3 15:00:00,2400,2418,2375,2380,865892
2017/5/4 15:00:00,2370,2372,2277,2277,1325976
2017/5/5 15:00:00,2270,2287,2224,2231,966194
2017/5/8 15:00:00,2239,2272,2235,2248,833976
2017/5/9 15:00:00,2245,2260,2228,2249,559950
2017/5/10 15:00:00,2247,2266,2206,2227,1015894
2017/5/11 15:00:00,2220,2251,2192,2245,1175734
2017/5/12 15:00:00,2253,2254,2202,2207,791338
2017/5/15 15:00:00,2207,2263,2196,2255,845488
2017/5/16 15:00:00,2268,2289,2245,2287,837412
2017/5/17 15:00:00,2291,2320,2290,2312,982276
2017/5/18 15:00:00,2314,2335,2264,2278,1026144
2017/5/19 15:00:00,2256,2402,2250,2402,1684862
2017/5/22 15:00:00,2408,2445,2382,2399,1141674
2017/5/23 15:00:00,2402,2426,2366,2380,1102312
2017/5/24 15:00:00,2381,2398,2330,2360,1005402
2017/5/25 15:00:00,2357,2433,2348,2419,1420676
2017/5/26 15:00:00,2406,2424,2343,2373,1336912
2017/5/31 15:00:00,2380,2389,2237,2237,964774
2017/6/1 15:00:00,2241,2284,2237,2273,860072
2017/6/2 15:00:00,2274,2288,2216,2221,1332650
2017/6/5 15:00:00,2215,2268,2212,2253,975490
2017/6/6 15:00:00,2242,2321,2225,2299,1581696
2017/6/7 15:00:00,2301,2317,2281,2313,1146388
2017/6/8 15:00:00,2307,2350,2273,2337,1516724
2017/6/9 15:00:00,2329,2349,2318,2329,809242
2017/6/12 15:00:00,2336,2370,2315,2335,1081842
2017/6/13 15:00:00,2344,2353,2292,2295,1079410
2017/6/14 15:00:00,2290,2344,2271,2341,1296184
2017/6/15 15:00:00,2344,2345,2276,2294,1313868
2017/6/16 15:00:00,2288,2348,2260,2330,1381742
2017/6/19 15:00:00,2338,2398,2326,2369,1501758
2017/6/20 15:00:00,2376,2384,2351,2379,813006
2017/6/21 15:00:00,2352,2404,2337,2370,1242644
2017/6/22 15:00:00,2378,2386,2306,2310,1221542
2017/6/23 15:00:00,2315,2333,2296,2315,879650
2017/6/26 15:00:00,2320,2325,2284,2310,845194
2017/6/27 15:00:00,2311,2315,2270,2303,967002
2017/6/28 15:00:00,2315,2332,2277,2287,1179158
2017/6/29 15:00:00,2291,2364,2282,2350,1595872
2017/6/30 15:00:00,2356,2378,2333,2359,1198592
2017/7/3 15:00:00,2359,2413,2351,2404,942336
2017/7/4 15:00:00,2404,2415,2353,2367,887170
2017/7/5 15:00:00,2370,2435,2360,2400,1291170
2017/7/6 15:00:00,2395,2474,2388,2469,1557582
2017/7/7 15:00:00,2469,2485,2442,2482,1081092
2017/7/10 15:00:00,2479,2491,2443,2451,939244
2017/7/11 15:00:00,2449,2510,2444,2496,1165000
2017/7/12 15:00:00,2481,2524,2471,2485,1128276
2017/7/13 15:00:00,2487,2492,2432,2466,1032642
2017/7/14 15:00:00,2469,2505,2454,2484,1174164
2017/7/17 15:00:00,2486,2517,2435,2492,1121990
2017/7/18 15:00:00,2489,2550,2485,2519,1227822
2017/7/19 15:00:00,2526,2536,2509,2529,875240
2017/7/20 15:00:00,2530,2618,2520,2535,1772012
2017/7/21 15:00:00,2541,2548,2460,2496,1218922
2017/7/24 15:00:00,2491,2525,2451,2462,1065918
2017/7/25 15:00:00,2467,2490,2456,2482,768906
2017/7/26 15:00:00,2495,2498,2363,2379,1520606
2017/7/27 15:00:00,2380,2406,2372,2389,712336
2017/7/28 15:00:00,2394,2414,2350,2368,831026
2017/7/31 15:00:00,2375,2397,2362,2393,668618
2017/8/1 15:00:00,2389,2443,2387,2423,807224
2017/8/2 15:00:00,2417,2452,2411,2452,708096
2017/8/3 15:00:00,2455,2465,2418,2430,412218
2017/8/4 15:00:00,2436,2499,2432,2475,520964
2017/8/7 15:00:00,2602,2644,2550,2598,866994
2017/8/8 15:00:00,2601,2673,2588,2670,850938
2017/8/9 15:00:00,2665,2696,2651,2684,720296
2017/8/10 15:00:00,2695,2701,2653,2684,718026
2017/8/11 15:00:00,2690,2696,2605,2629,826530
2017/8/14 15:00:00,2635,2649,2597,2603,512318
2017/8/15 15:00:00,2604,2616,2572,2593,628360
2017/8/16 15:00:00,2591,2609,2578,2593,525088
2017/8/17 15:00:00,2599,2709,2596,2700,901792
2017/8/18 15:00:00,2694,2702,2676,2694,536480
2017/8/21 15:00:00,2693,2742,2668,2728,878496
2017/8/22 15:00:00,2725,2753,2689,2749,720458
2017/8/23 15:00:00,2745,2778,2726,2746,1021974
2017/8/24 15:00:00,2753,2772,2727,2739,671830
2017/8/25 15:00:00,2742,2766,2710,2758,659572
2017/8/28 15:00:00,2759,2799,2731,2762,763520
2017/8/29 15:00:00,2762,2866,2760,2846,1234496
2017/8/30 15:00:00,2849,2873,2833,2868,818964
2017/8/31 15:00:00,2863,2884,2840,2882,783702
2017/9/1 15:00:00,2884,2927,2867,2912,643072
2017/9/4 15:00:00,2910,3024,2910,2944,1158934
2017/9/5 15:00:00,2942,2953,2887,2939,983556
2017/9/6 15:00:00,2974,3009,2922,2932,1381678
2017/9/7 15:00:00,2938,2957,2878,2891,1234480
2017/9/8 15:00:00,2897,2931,2856,2881,1110100
2017/9/11 15:00:00,2879,2890,2820,2866,1085306
2017/9/12 15:00:00,2864,2983,2858,2957,1492670
2017/9/13 15:00:00,2955,2987,2885,2894,1100304
2017/9/14 15:00:00,2894,2914,2847,2856,1280724
2017/9/15 15:00:00,2855,2866,2791,2805,1338924
2017/9/18 15:00:00,2805,2819,2737,2795,1153690
2017/9/19 15:00:00,2795,2808,2765,2769,890384
2017/9/20 15:00:00,2775,2818,2754,2803,1009046
2017/9/21 15:00:00,2807,2827,2680,2680,1451618
2017/9/22 15:00:00,2679,2713,2660,2687,1017068
2017/9/25 15:00:00,2690,2704,2623,2683,1253896
2017/9/26 15:00:00,2688,2720,2673,2695,949058
2017/9/27 15:00:00,2687,2713,2657,2700,943076
2017/9/28 15:00:00,2698,2725,2602,2649,1186812
2017/9/29 15:00:00,2653,2719,2630,2718,904360
2017/10/9 15:00:00,2732,2760,2686,2739,604068
2017/10/10 15:00:00,2739,2740,2643,2671,1382722
2017/10/11 15:00:00,2674,2685,2585,2591,1417408
2017/10/12 15:00:00,2592,2613,2531,2576,1506150
2017/10/13 15:00:00,2585,2652,2565,2645,1252408
2017/10/16 15:00:00,2653,2679,2616,2658,1141914
2017/10/17 15:00:00,2666,2699,2591,2673,1421088
2017/10/18 15:00:00,2676,2719,2656,2695,1182408
2017/10/19 15:00:00,2700,2701,2620,2632,1242762
2017/10/20 15:00:00,2625,2750,2602,2746,1289046
2017/10/23 15:00:00,2744,2765,2680,2751,1396882
2017/10/24 15:00:00,2750,2797,2730,2764,1402126
2017/10/25 15:00:00,2772,2784,2733,2749,996318
2017/10/26 15:00:00,2751,2773,2728,2750,956320
2017/10/27 15:00:00,2754,2765,2671,2675,1357334
2017/10/30 15:00:00,2670,2704,2655,2658,941798
2017/10/31 15:00:00,2655,2685,2642,2669,919654
2017/11/1 15:00:00,2668,2716,2657,2698,1014536
2017/11/2 15:00:00,2695,2757,2672,2754,1246824
2017/11/3 15:00:00,2753,2786,2745,2784,1082402
2017/11/6 15:00:00,2790,2850,2773,2836,1125338
2017/11/7 15:00:00,2836,2860,2817,2840,748338
2017/11/8 15:00:00,2838,2864,2822,2846,875140
2017/11/9 15:00:00,2848,2891,2834,2858,984818
2017/11/10 15:00:00,2856,2870,2816,2834,1104566
2017/11/13 15:00:00,2833,2920,2811,2912,1222890
2017/11/14 15:00:00,2914,2914,2888,2899,705848
2017/11/15 15:00:00,2902,2916,2825,2851,1135888
2017/11/16 15:00:00,2856,2875,2828,2845,864976
2017/11/17 15:00:00,2854,2927,2836,2911,1188368
2017/11/20 15:00:00,2918,2929,2890,2915,768086
2017/11/21 15:00:00,2923,2995,2914,2985,1076540
2017/11/22 15:00:00,2987,3013,2970,3002,1045350
2017/11/23 15:00:00,3000,3009,2963,2978,794384
2017/11/24 15:00:00,2980,2995,2953,2977,626794
2017/11/27 15:00:00,2980,3038,2876,2881,1382160
2017/11/28 15:00:00,2884,2899,2871,2892,592472
2017/11/29 15:00:00,2902,2931,2860,2928,813238
2017/11/30 15:00:00,2934,3018,2887,2906,1400212
2017/12/1 15:00:00,2912,2995,2897,2976,981586
2017/12/4 15:00:00,2981,3087,2966,3087,854898
2017/12/5 15:00:00,3131,3268,3115,3175,1542722
2017/12/6 15:00:00,3168,3235,3166,3206,1156686
2017/12/7 15:00:00,3218,3248,3055,3104,1319686
2017/12/8 15:00:00,3100,3165,3090,3132,791404
2017/12/11 15:00:00,2870,2933,2844,2877,1441624
2017/12/12 15:00:00,2882,2959,2861,2958,1464864
2017/12/13 15:00:00,2960,2965,2912,2944,1365278
2017/12/14 15:00:00,2947,2978,2887,2905,1591992
2017/12/15 15:00:00,2905,2928,2875,2898,1222028
2017/12/18 15:00:00,2898,2956,2889,2946,1342610
2017/12/19 15:00:00,2949,2953,2904,2936,1191614
2017/12/20 15:00:00,2950,3004,2940,2966,1707058
2017/12/21 15:00:00,2965,2978,2909,2924,1290026
2017/12/22 15:00:00,2925,2945,2897,2920,1176298
2017/12/25 15:00:00,2920,2933,2854,2864,1419194
2017/12/26 15:00:00,2863,2905,2859,2899,808810
2017/12/27 15:00:00,2895,2913,2845,2861,1174302
2017/12/28 15:00:00,2860,2869,2819,2839,942190
2017/12/29 15:00:00,2838,2874,2834,2853,834060
2018/1/2 15:00:00,2853,2940,2851,2923,826562
2018/1/3 15:00:00,2923,2929,2891,2909,785480
2018/1/4 15:00:00,2913,2948,2902,2933,1051802
2018/1/5 15:00:00,2934,2947,2896,2924,925516
2018/1/8 15:00:00,2916,3000,2916,2992,1183460
2018/1/9 15:00:00,2992,3040,2972,2980,694298
2018/1/10 15:00:00,2980,3004,2965,2977,821528
2018/1/11 15:00:00,2985,2985,2955,2975,720904
2018/1/12 15:00:00,2977,2983,2942,2952,719580
2018/1/15 15:00:00,2951,2964,2928,2937,655152
2018/1/16 15:00:00,2938,2942,2822,2827,1452224
2018/1/17 15:00:00,2821,2845,2806,2823,696484
2018/1/18 15:00:00,2828,2844,2808,2820,871268
2018/1/19 15:00:00,2826,2830,2766,2800,1222882
2018/1/22 15:00:00,2801,2838,2793,2813,821058
2018/1/23 15:00:00,2810,2862,2802,2843,1054882
2018/1/24 15:00:00,2840,2851,2815,2816,823514
2018/1/25 15:00:00,2820,2856,2816,2842,1057654
2018/1/26 15:00:00,2843,2869,2803,2827,1079620
2018/1/29 15:00:00,2827,2878,2826,2847,891592
2018/1/30 15:00:00,2845,2846,2795,2813,975930
2018/1/31 15:00:00,2815,2819,2758,2784,931488
2018/2/1 15:00:00,2786,2798,2762,2772,678530
2018/2/2 15:00:00,2776,2806,2767,2774,732982
2018/2/5 15:00:00,2768,2811,2750,2803,989890
2018/2/6 15:00:00,2803,2833,2792,2816,1035276
2018/2/7 15:00:00,2815,2832,2797,2799,822302
2018/2/8 15:00:00,2795,2795,2763,2787,869480
2018/2/9 15:00:00,2786,2809,2766,2768,821284
2018/2/12 15:00:00,2763,2778,2707,2722,881290
2018/2/13 15:00:00,2724,2729,2699,2717,495918
2018/2/14 15:00:00,2718,2740,2694,2719,492128
2018/2/22 15:00:00,2730,2747,2714,2729,310482
2018/2/23 15:00:00,2728,2766,2724,2765,630548
2018/2/26 15:00:00,2763,2782,2700,2701,924766
2018/2/27 15:00:00,2700,2700,2661,2676,944128
2018/2/28 15:00:00,2680,2694,2671,2678,650710
2018/3/1 15:00:00,2679,2685,2625,2663,981860
2018/3/2 15:00:00,2657,2691,2645,2677,848142
2018/3/5 15:00:00,2672,2693,2655,2678,772510
2018/3/6 15:00:00,2668,2696,2661,2668,813250
2018/3/7 15:00:00,2673,2685,2640,2676,917996
2018/3/8 15:00:00,2675,2700,2638,2642,1222688
2018/3/9 15:00:00,2650,2715,2645,2691,1345790
2018/3/12 15:00:00,2698,2728,2675,2713,1138386
2018/3/13 15:00:00,2716,2735,2710,2725,784526
2018/3/14 15:00:00,2735,2760,2727,2758,790866
2018/3/15 15:00:00,2758,2763,2720,2736,681980
2018/3/16 15:00:00,2735,2741,2702,2707,779010
2018/3/19 15:00:00,2710,2798,2704,2789,1043098
2018/3/20 15:00:00,2791,2794,2763,2787,752648
2018/3/21 15:00:00,2800,2804,2766,2777,658394
2018/3/22 15:00:00,2785,2827,2771,2818,754754
2018/3/23 15:00:00,2811,2820,2674,2720,1441076
2018/3/26 15:00:00,2712,2771,2688,2698,1016352
2018/3/27 15:00:00,2698,2715,2661,2684,1026040
2018/3/28 15:00:00,2692,2704,2674,2686,696020
2018/3/29 15:00:00,2691,2697,2646,2694,891168
2018/3/30 15:00:00,2689,2723,2674,2719,682268
2018/4/2 15:00:00,2710,2734,2666,2684,665104
2018/4/3 15:00:00,2680,2705,2641,2658,717666
2018/4/4 15:00:00,2658,2678,2632,2670,547028
2018/4/9 15:00:00,2671,2768,2662,2742,615558
2018/4/10 15:00:00,2748,2749,2719,2739,444698
2018/4/11 15:00:00,2746,2758,2704,2729,366432
2018/4/12 15:00:00,2600,2650,2586,2637,799880
2018/4/13 15:00:00,2631,2665,2620,2658,689236
2018/4/16 15:00:00,2658,2682,2646,2654,735310
2018/4/17 15:00:00,2654,2680,2644,2675,603632
2018/4/18 15:00:00,2673,2728,2673,2717,963096
2018/4/19 15:00:00,2728,2733,2691,2710,791606
2018/4/20 15:00:00,2710,2713,2638,2643,964722
2018/4/23 15:00:00,2643,2685,2636,2682,730684
2018/4/24 15:00:00,2670,2739,2670,2722,912774
2018/4/25 15:00:00,2725,2726,2672,2681,862284
2018/4/26 15:00:00,2684,2690,2660,2663,716304
2018/4/27 15:00:00,2660,2687,2656,2681,624900
2018/5/2 15:00:00,2675,2717,2670,2706,771612
2018/5/3 15:00:00,2712,2719,2688,2702,593592
2018/5/4 15:00:00,2701,2767,2699,2759,1072746
2018/5/7 15:00:00,2759,2778,2738,2763,760728
2018/5/8 15:00:00,2765,2774,2744,2762,540886
2018/5/9 15:00:00,2762,2787,2731,2773,1048134
2018/5/10 15:00:00,2776,2798,2768,2780,639018
2018/5/11 15:00:00,2767,2798,2750,2792,808836
2018/5/14 15:00:00,2796,2816,2766,2771,827922
2018/5/15 15:00:00,2772,2818,2767,2807,787782
2018/5/16 15:00:00,2811,2888,2810,2839,1393346
2018/5/17 15:00:00,2843,2861,2831,2841,654740
2018/5/18 15:00:00,2849,2855,2818,2829,745740
2018/5/21 15:00:00,2823,2830,2801,2816,688976
2018/5/22 15:00:00,2810,2844,2776,2786,845834
2018/5/23 15:00:00,2786,2795,2762,2779,615082
2018/5/24 15:00:00,2779,2787,2756,2772,574230
2018/5/25 15:00:00,2769,2802,2723,2726,920116
2018/5/28 15:00:00,2716,2738,2712,2734,548654
2018/5/29 15:00:00,2736,2748,2726,2742,393752
2018/5/30 15:00:00,2743,2760,2717,2719,689658
2018/5/31 15:00:00,2717,2772,2716,2758,758660
2018/6/1 15:00:00,2755,2792,2733,2791,908360
2018/6/4 15:00:00,2791,2797,2762,2769,621560
2018/6/5 15:00:00,2766,2770,2727,2739,625472
2018/6/6 15:00:00,2731,2755,2731,2747,456468
2018/6/7 15:00:00,2745,2819,2743,2810,1037016
2018/6/8 15:00:00,2810,2820,2793,2802,708922
2018/6/11 15:00:00,2802,2838,2782,2823,996350
2018/6/12 15:00:00,2820,2855,2812,2847,657114
2018/6/13 15:00:00,2846,2849,2815,2820,559028
2018/6/14 15:00:00,2827,2839,2803,2813,664870
2018/6/15 15:00:00,2818,2835,2805,2832,549426
2018/6/19 15:00:00,2820,2829,2762,2774,596590
2018/6/20 15:00:00,2782,2797,2756,2790,531266
2018/6/21 15:00:00,2789,2798,2740,2743,660236
2018/6/22 15:00:00,2738,2749,2719,2737,643528
2018/6/25 15:00:00,2744,2769,2740,2744,570328
2018/6/26 15:00:00,2744,2747,2688,2730,941086
2018/6/27 15:00:00,2732,2758,2731,2753,583808
2018/6/28 15:00:00,2755,2810,2755,2797,764682
2018/6/29 15:00:00,2801,2842,2787,2839,697768
2018/7/2 15:00:00,2842,2867,2810,2824,696320
2018/7/3 15:00:00,2826,2842,2816,2836,482994
2018/7/4 15:00:00,2838,2894,2813,2879,994434
2018/7/5 15:00:00,2876,2903,2856,2887,1089262
2018/7/6 15:00:00,2890,2919,2869,2906,915398
2018/7/9 15:00:00,2904,2909,2880,2891,612730
2018/7/10 15:00:00,2899,2926,2875,2917,731404
2018/7/11 15:00:00,2916,2930,2888,2902,761088
2018/7/12 15:00:00,2900,2923,2868,2919,951012
2018/7/13 15:00:00,2917,2940,2876,2879,774538
2018/7/16 15:00:00,2872,2891,2860,2864,638386
2018/7/17 15:00:00,2857,2874,2842,2862,575892
2018/7/18 15:00:00,2863,2875,2853,2869,400920
2018/7/19 15:00:00,2872,2917,2872,2894,779590
2018/7/20 15:00:00,2888,2928,2875,2926,719654
2018/7/23 15:00:00,2923,2941,2910,2926,608540
2018/7/24 15:00:00,2929,2982,2923,2963,724984
2018/7/25 15:00:00,2964,2969,2921,2924,676872
2018/7/26 15:00:00,2923,2926,2891,2912,730262
2018/7/27 15:00:00,2909,2935,2907,2924,572854
2018/7/30 15:00:00,2929,2992,2920,2972,818906
2018/7/31 15:00:00,2976,2986,2949,2954,518618
2018/8/1 15:00:00,2950,2984,2926,2947,708704
2018/8/2 15:00:00,2939,3020,2932,3018,858224
2018/8/3 15:00:00,3019,3121,3005,3121,901460
2018/8/6 15:00:00,3166,3295,3156,3225,1761622
2018/8/7 15:00:00,3217,3255,3183,3237,1064290
2018/8/8 15:00:00,3240,3246,3153,3193,835974
2018/8/9 15:00:00,3313,3329,3271,3289,926682
2018/8/10 15:00:00,3291,3325,3223,3245,1225248
2018/8/13 15:00:00,3250,3274,3222,3256,766418
2018/8/14 15:00:00,3258,3408,3249,3361,2152684
2018/8/15 15:00:00,3367,3380,3304,3338,1340952
2018/8/16 15:00:00,3336,3403,3244,3327,2563620
2018/8/17 15:00:00,3338,3356,3251,3266,1817422
2018/8/20 15:00:00,3275,3428,3212,3368,2173074
2018/8/21 15:00:00,3364,3394,3304,3337,1651576
2018/8/22 15:00:00,3336,3520,3315,3387,3447592
2018/8/23 15:00:00,3390,3445,3301,3309,2500134
2018/8/24 15:00:00,3310,3319,3266,3301,1605340
2018/8/27 15:00:00,3308,3334,3256,3299,1495322
2018/8/28 15:00:00,3308,3374,3277,3298,1844126
2018/8/29 15:00:00,3298,3345,3251,3278,1998310
2018/8/30 15:00:00,3273,3299,3230,3299,1833694
2018/8/31 15:00:00,3295,3330,3258,3262,1969616
2018/9/3 15:00:00,3261,3272,3166,3212,1934058
2018/9/4 15:00:00,3215,3252,3191,3244,1443834
2018/9/5 15:00:00,3250,3300,3228,3281,1542580
2018/9/6 15:00:00,3285,3287,3252,3276,1140718
2018/9/7 15:00:00,3276,3367,3263,3356,1747006
2018/9/10 15:00:00,3360,3408,3339,3394,1412506
2018/9/11 15:00:00,3400,3404,3333,3338,1395080
2018/9/12 15:00:00,3343,3367,3230,3277,1840878
2018/9/13 15:00:00,3272,3287,3233,3239,1057256
2018/9/14 15:00:00,3250,3282,3244,3259,886112
2018/9/17 15:00:00,3263,3276,3202,3264,1899078
2018/9/18 15:00:00,3264,3276,3225,3249,1457366
2018/9/19 15:00:00,3261,3340,3256,3337,1577236
2018/9/20 15:00:00,3337,3359,3323,3340,1058368
2018/9/21 15:00:00,3339,3356,3311,3340,996942
2018/9/25 15:00:00,3349,3368,3305,3331,772674
2018/9/26 15:00:00,3333,3335,3241,3250,1270398
2018/9/27 15:00:00,3243,3278,3231,3249,809920
2018/9/28 15:00:00,3252,3264,3192,3228,1151386
2018/10/8 15:00:00,3245,3328,3216,3325,726506
2018/10/9 15:00:00,3320,3422,3314,3422,1726450
2018/10/10 15:00:00,3444,3469,3412,3448,1391612
2018/10/11 15:00:00,3445,3448,3361,3389,1411878
2018/10/12 15:00:00,3400,3508,3382,3492,2005126
2018/10/15 15:00:00,3492,3525,3456,3466,1644066
2018/10/16 15:00:00,3462,3465,3336,3367,1977950
2018/10/17 15:00:00,3366,3407,3360,3387,1125428
2018/10/18 15:00:00,3377,3395,3333,3385,1854836
2018/10/19 15:00:00,3362,3398,3345,3350,1804026
2018/10/22 15:00:00,3355,3365,3303,3331,1718318
2018/10/23 15:00:00,3321,3348,3313,3327,1052784
2018/10/24 15:00:00,3312,3368,3286,3365,1503206
2018/10/25 15:00:00,3364,3382,3235,3256,2008584
2018/10/26 15:00:00,3250,3260,3211,3224,1443286
2018/10/29 15:00:00,3223,3246,3072,3072,2093952
2018/10/30 15:00:00,3050,3083,3010,3020,1393984
2018/10/31 15:00:00,3015,3032,2965,3018,1664104
2018/11/1 15:00:00,3017,3029,2905,2923,1917788
2018/11/2 15:00:00,2927,2961,2908,2950,1477178
2018/11/5 15:00:00,2945,2997,2938,2988,1231944
2018/11/6 15:00:00,2990,2994,2872,2895,2229846
2018/11/7 15:00:00,2895,2908,2802,2833,2218430
2018/11/8 15:00:00,2845,2870,2807,2860,1828432
2018/11/9 15:00:00,2854,2858,2810,2837,1646908
2018/11/12 15:00:00,2826,2863,2766,2796,2385342
2018/11/13 15:00:00,2796,2816,2772,2793,1310632
2018/11/14 15:00:00,2798,2834,2673,2715,2881596
2018/11/15 15:00:00,2735,2748,2716,2739,1473650
2018/11/16 15:00:00,2744,2793,2706,2773,2011128
2018/11/19 15:00:00,2787,2789,2714,2722,1549680
2018/11/20 15:00:00,2726,2732,2659,2677,1878568
2018/11/21 15:00:00,2674,2677,2556,2560,2541438
2018/11/22 15:00:00,2572,2583,2506,2554,3095190
2018/11/23 15:00:00,2560,2572,2467,2474,2445658
2018/11/26 15:00:00,2448,2448,2394,2394,1566984
2018/11/27 15:00:00,2378,2428,2360,2388,1943546
2018/11/28 15:00:00,2400,2466,2392,2452,2001046
2018/11/29 15:00:00,2430,2457,2403,2414,2008624
2018/11/30 15:00:00,2431,2448,2331,2337,2144460
2018/12/3 15:00:00,2318,2477,2306,2308,3137360
2018/12/4 15:00:00,2308,2478,2300,2477,3507914
2018/12/5 15:00:00,2486,2502,2420,2487,3331790
2018/12/6 15:00:00,2497,2513,2441,2455,2251526
2018/12/7 15:00:00,2442,2542,2430,2506,2868264
2018/12/10 15:00:00,2522,2586,2453,2470,2452292
2018/12/11 15:00:00,2462,2485,2397,2397,1352326
2018/12/12 15:00:00,2441,2475,2413,2433,2370378
2018/12/13 15:00:00,2448,2483,2426,2459,2485260
2018/12/14 15:00:00,2449,2508,2445,2493,2162430
2018/12/17 15:00:00,2490,2514,2461,2504,1944260
2018/12/18 15:00:00,2508,2525,2442,2471,2324266
2018/12/19 15:00:00,2467,2494,2433,2480,2484444
2018/12/20 15:00:00,2481,2502,2453,2487,2314496
2018/12/21 15:00:00,2480,2505,2424,2450,2848524
2018/12/24 15:00:00,2437,2453,2393,2415,2307504
2018/12/25 15:00:00,2406,2417,2306,2317,2625954
2018/12/26 15:00:00,2317,2354,2317,2346,1516532
2018/12/27 15:00:00,2358,2452,2343,2382,2744454
2018/12/28 15:00:00,2373,2403,2364,2388,1896232
2019/1/2 15:00:00,2390,2422,2383,2396,1209632
2019/1/3 15:00:00,2400,2457,2385,2439,1928000
2019/1/4 15:00:00,2453,2492,2438,2481,2145666
2019/1/7 15:00:00,2493,2495,2459,2475,1689892
2019/1/8 15:00:00,2470,2488,2444,2458,1762244
2019/1/9 15:00:00,2466,2514,2459,2484,1913222
2019/1/10 15:00:00,2505,2519,2471,2490,1910818
2019/1/11 15:00:00,2495,2509,2478,2503,1386530
2019/1/14 15:00:00,2508,2535,2491,2500,1687406
2019/1/15 15:00:00,2498,2516,2474,2509,1685790
2019/1/16 15:00:00,2507,2545,2504,2520,1776760
2019/1/17 15:00:00,2510,2527,2478,2481,1768024
2019/1/18 15:00:00,2466,2498,2449,2485,2276124
2019/1/21 15:00:00,2486,2585,2486,2562,3275878
2019/1/22 15:00:00,2560,2584,2498,2501,2661926
2019/1/23 15:00:00,2493,2504,2465,2492,2031344
2019/1/24 15:00:00,2501,2508,2471,2483,1809366
2019/1/25 15:00:00,2477,2542,2475,2501,2238538
2019/1/28 15:00:00,2491,2525,2440,2449,2081242
2019/1/29 15:00:00,2441,2464,2401,2438,2802730
2019/1/30 15:00:00,2449,2495,2432,2477,2449066
2019/1/31 15:00:00,2480,2525,2476,2521,1842616
2019/2/1 15:00:00,2515,2551,2492,2534,1719366
2019/2/11 15:00:00,2522,2564,2507,2532,972048
2019/2/12 15:00:00,2532,2598,2531,2555,2391578
2019/2/13 15:00:00,2570,2585,2510,2533,2226310
2019/2/14 15:00:00,2529,2579,2496,2578,2089224
2019/2/15 15:00:00,2578,2578,2477,2480,3393536
2019/2/18 15:00:00,2494,2516,2435,2449,3482744
2019/2/19 15:00:00,2447,2476,2437,2475,2272676
2019/2/20 15:00:00,2481,2493,2462,2484,2002314
2019/2/21 15:00:00,2475,2540,2473,2518,2392100
2019/2/22 15:00:00,2517,2535,2505,2534,1625664
2019/2/25 15:00:00,2543,2553,2509,2518,2116100
2019/2/26 15:00:00,2499,2557,2468,2553,2758590
2019/2/27 15:00:00,2562,2567,2514,2522,1865634
2019/2/28 15:00:00,2528,2548,2519,2528,1423066
2019/3/1 15:00:00,2535,2648,2530,2643,2618248
2019/3/4 15:00:00,2638,2694,2608,2662,3044544
2019/3/5 15:00:00,2668,2671,2627,2654,2070936
2019/3/6 15:00:00,2656,2677,2623,2658,2340822
2019/3/7 15:00:00,2654,2671,2575,2584,2700718
2019/3/8 15:00:00,2591,2596,2552,2578,2342280
2019/3/11 15:00:00,2566,2594,2559,2578,1711124
2019/3/12 15:00:00,2576,2632,2560,2626,2369368
2019/3/13 15:00:00,2630,2634,2611,2618,1678070
2019/3/14 15:00:00,2620,2625,2571,2585,2196200
2019/3/15 15:00:00,2585,2590,2516,2521,2302130
2019/3/18 15:00:00,2520,2535,2458,2462,2174988
2019/3/19 15:00:00,2462,2486,2438,2450,1712062
2019/3/20 15:00:00,2466,2503,2458,2492,2136982
2019/3/21 15:00:00,2487,2505,2486,2492,1511946
2019/3/22 15:00:00,2493,2518,2469,2495,2159918
2019/3/25 15:00:00,2485,2504,2452,2485,2065062
2019/3/26 15:00:00,2490,2499,2468,2472,1473188
2019/3/27 15:00:00,2478,2482,2430,2441,1783430
2019/3/28 15:00:00,2440,2453,2377,2387,2441780
2019/3/29 15:00:00,2383,2428,2362,2384,2591974
2019/4/1 15:00:00,2401,2446,2385,2442,2252486
2019/4/2 15:00:00,2447,2465,2425,2442,1920124
2019/4/3 15:00:00,2442,2463,2434,2448,1566714
2019/4/4 15:00:00,2446,2468,2443,2461,1503720
2019/4/8 15:00:00,2480,2535,2468,2525,1349820
2019/4/9 15:00:00,2523,2533,2481,2491,1350968
2019/4/10 15:00:00,2490,2497,2461,2478,1150540
2019/4/11 15:00:00,2480,2489,2451,2466,934722
2019/4/12 15:00:00,2552,2558,2507,2530,1066368
2019/4/15 15:00:00,2546,2554,2490,2497,1390522
2019/4/16 15:00:00,2490,2501,2463,2471,1545088
2019/4/17 15:00:00,2472,2494,2466,2476,1368716
2019/4/18 15:00:00,2473,2482,2413,2415,2041474
2019/4/19 15:00:00,2419,2442,2416,2439,1278396
2019/4/22 15:00:00,2443,2489,2434,2457,1944066
2019/4/23 15:00:00,2451,2469,2443,2459,1302126
2019/4/24 15:00:00,2456,2458,2422,2444,1572282
2019/4/25 15:00:00,2450,2472,2442,2459,1705660
2019/4/26 15:00:00,2460,2462,2383,2391,2086430
2019/4/29 15:00:00,2383,2418,2380,2408,1322534
2019/4/30 15:00:00,2410,2416,2388,2398,1217420
2019/5/6 15:00:00,2370,2426,2361,2418,1192848
2019/5/7 15:00:00,2424,2455,2420,2449,1304830
2019/5/8 15:00:00,2444,2471,2437,2463,1318798
2019/5/9 15:00:00,2460,2464,2437,2449,1261944
2019/5/10 15:00:00,2449,2484,2447,2455,1463300
2019/5/13 15:00:00,2456,2460,2411,2420,1386560
2019/5/14 15:00:00,2422,2440,2362,2374,2051702
2019/5/15 15:00:00,2380,2398,2372,2397,1005144
2019/5/16 15:00:00,2393,2444,2393,2442,1556912
2019/5/17 15:00:00,2447,2457,2433,2447,1450830
2019/5/20 15:00:00,2447,2547,2445,2508,2934606
2019/5/21 15:00:00,2500,2549,2499,2535,1724274
2019/5/22 15:00:00,2535,2552,2501,2538,2076060
2019/5/23 15:00:00,2538,2542,2458,2465,2101330
2019/5/24 15:00:00,2460,2478,2400,2426,2236790
2019/5/27 15:00:00,2429,2452,2408,2443,1472922
2019/5/28 15:00:00,2444,2458,2410,2445,1602880
2019/5/29 15:00:00,2444,2496,2433,2494,1789504
2019/5/30 15:00:00,2480,2504,2426,2439,2112028
2019/5/31 15:00:00,2437,2447,2402,2405,1718462
2019/6/3 15:00:00,2398,2398,2306,2306,2586068
2019/6/4 15:00:00,2316,2329,2281,2323,1897382
2019/6/5 15:00:00,2318,2343,2288,2291,1980244
2019/6/6 15:00:00,2285,2305,2240,2294,2574904
2019/6/10 15:00:00,2335,2345,2312,2319,1189476
2019/6/11 15:00:00,2313,2350,2281,2332,2247860
2019/6/12 15:00:00,2336,2341,2291,2296,1755156
2019/6/13 15:00:00,2288,2364,2284,2358,2706840
2019/6/14 15:00:00,2369,2375,2328,2339,1787306
2019/6/17 15:00:00,2341,2356,2306,2341,1658676
2019/6/18 15:00:00,2340,2367,2327,2356,1613554
2019/6/19 15:00:00,2362,2398,2351,2366,2013696
2019/6/20 15:00:00,2359,2404,2345,2403,1869466
2019/6/21 15:00:00,2408,2429,2373,2381,2207068
2019/6/24 15:00:00,2385,2422,2383,2404,1663972
2019/6/25 15:00:00,2402,2406,2348,2364,1854672
2019/6/26 15:00:00,2368,2380,2352,2373,1766964
2019/6/27 15:00:00,2371,2395,2318,2323,2758530
2019/6/28 15:00:00,2318,2330,2252,2272,2520548
2019/7/1 15:00:00,2276,2314,2262,2302,2073188
2019/7/2 15:00:00,2305,2358,2281,2346,2774124
2019/7/3 15:00:00,2340,2353,2303,2334,2586714
2019/7/4 15:00:00,2337,2353,2282,2316,2434258
2019/7/5 15:00:00,2317,2344,2311,2322,1896432
2019/7/8 15:00:00,2320,2360,2308,2323,2044330
2019/7/9 15:00:00,2323,2354,2259,2261,3173714
2019/7/10 15:00:00,2268,2292,2230,2278,2428096
2019/7/11 15:00:00,2288,2296,2255,2258,1858896
2019/7/12 15:00:00,2250,2265,2211,2234,2240820
2019/7/15 15:00:00,2230,2247,2218,2229,1529392
2019/7/16 15:00:00,2234,2240,2168,2172,2084152
2019/7/17 15:00:00,2177,2195,2162,2180,1596858
2019/7/18 15:00:00,2188,2192,2138,2159,1821994
2019/7/19 15:00:00,2161,2215,2132,2185,2492630
2019/7/22 15:00:00,2184,2203,2149,2159,2058724
2019/7/23 15:00:00,2159,2168,2100,2102,2451904
2019/7/24 15:00:00,2098,2126,2085,2108,2071886
2019/7/25 15:00:00,2113,2113,2076,2084,1808038
2019/7/26 15:00:00,2085,2087,2038,2046,2330972
2019/7/29 15:00:00,2046,2070,2045,2060,1615438
2019/7/30 15:00:00,2058,2097,2057,2081,2242910
2019/7/31 15:00:00,2082,2128,2078,2114,2192874
2019/8/1 15:00:00,2112,2133,2096,2113,2066892
2019/8/2 15:00:00,2110,2147,2083,2130,2548814
2019/8/5 15:00:00,2133,2137,2040,2058,2385168
2019/8/6 15:00:00,2052,2084,2045,2081,1613506
2019/8/7 15:00:00,2082,2129,2065,2125,1898728
2019/8/8 15:00:00,2120,2160,2097,2143,2111154
2019/8/9 15:00:00,2143,2154,2113,2135,1597858
2019/8/12 15:00:00,2137,2153,2112,2134,1328300
2019/8/13 15:00:00,2136,2157,2117,2146,1056274
2019/8/14 15:00:00,2148,2177,2125,2128,1543814
2019/8/15 15:00:00,2117,2137,2088,2116,1179706
2019/8/16 15:00:00,2227,2230,2190,2194,1287374
2019/8/19 15:00:00,2188,2217,2186,2211,1226332
2019/8/20 15:00:00,2207,2219,2176,2194,1622744
2019/8/21 15:00:00,2190,2194,2122,2135,2201016
2019/8/22 15:00:00,2138,2154,2126,2145,1363934
2019/8/23 15:00:00,2147,2168,2133,2163,1336852
2019/8/26 15:00:00,2152,2180,2136,2142,1832546
2019/8/27 15:00:00,2146,2163,2109,2117,1920874
2019/8/28 15:00:00,2123,2167,2117,2164,1748178
2019/8/29 15:00:00,2164,2174,2128,2144,1699256
2019/8/30 15:00:00,2145,2158,2125,2140,1533216
2019/9/2 15:00:00,2142,2212,2141,2209,2227858
2019/9/3 15:00:00,2210,2232,2196,2209,1762704
2019/9/4 15:00:00,2202,2227,2198,2223,1339726
2019/9/5 15:00:00,2225,2250,2180,2183,2674132
2019/9/6 15:00:00,2183,2208,2174,2203,1627294
2019/9/9 15:00:00,2208,2264,2206,2260,2005350
2019/9/10 15:00:00,2264,2266,2238,2247,1308832
2019/9/11 15:00:00,2248,2263,2233,2245,1260292
2019/9/12 15:00:00,2245,2253,2233,2248,1141432
2019/9/16 15:00:00,2310,2355,2289,2347,1862764
2019/9/17 00:00:00,2328,2399,2328,2368,281
2019/9/17 15:00:00,2360,2434,2347,2390,2754428
2019/9/18 00:00:00,2358,2358,2287,2295,490
2019/9/18 15:00:00,2389,2392,2289,2306,2712232
2019/9/19 00:00:00,2290,2296,2270,2277,379
2019/9/19 15:00:00,2285,2312,2277,2299,1843204
2019/9/20 00:00:00,2291,2291,2252,2271,553
2019/9/20 15:00:00,2313,2330,2287,2316,1930054
2019/9/23 00:00:00,2279,2325,2279,2308,241
2019/9/23 15:00:00,2320,2382,2320,2377,1976592
2019/9/24 00:00:00,2310,2334,2295,2334,379
2019/9/24 15:00:00,2374,2391,2343,2379,1994652
2019/9/25 00:00:00,2335,2353,2317,2340,227
2019/9/25 15:00:00,2376,2415,2354,2404,2295352
2019/9/26 00:00:00,2332,2346,2298,2318,213
2019/9/26 15:00:00,2404,2422,2345,2377,2693284
2019/9/27 00:00:00,2312,2319,2280,2292,288
2019/9/27 15:00:00,2365,2378,2323,2341,2004090
2019/9/30 00:00:00,2293,2352,2280,2333,266
2019/9/30 15:00:00,2330,2418,2324,2406,1866346
2019/10/8 00:00:00,2335,2341,2310,2321,159
2019/10/8 15:00:00,2390,2427,2384,2398,871662
2019/10/9 00:00:00,2312,2334,2298,2304,438
2019/10/9 15:00:00,2391,2417,2367,2397,1885942
2019/10/10 00:00:00,2316,2320,2270,2285,1046
2019/10/10 15:00:00,2400,2423,2352,2364,2242072
2019/10/11 00:00:00,2286,2295,2251,2274,740
2019/10/11 15:00:00,2364,2368,2306,2325,2199156
2019/10/14 00:00:00,2270,2290,2261,2287,3078
2019/10/14 15:00:00,2325,2338,2287,2289,2048374
2019/10/15 00:00:00,2289,2299,2265,2265,879
2019/10/15 15:00:00,2285,2311,2263,2274,1691102
2019/10/16 00:00:00,2270,2280,2232,2235,1448
2019/10/16 15:00:00,2276,2284,2197,2206,2448834
2019/10/17 00:00:00,2230,2248,2230,2234,424
2019/10/17 15:00:00,2207,2213,2181,2198,1766158
2019/10/18 00:00:00,2240,2249,2231,2248,283
2019/10/18 15:00:00,2205,2215,2185,2202,1436420
2019/10/21 00:00:00,2245,2250,2211,2220,1499
2019/10/21 15:00:00,2207,2208,2139,2149,1692034
2019/10/22 00:00:00,2214,2239,2210,2237,401
2019/10/22 15:00:00,2150,2165,2132,2153,1300026
2019/10/23 00:00:00,2240,2257,2225,2235,1019
2019/10/23 15:00:00,2155,2169,2113,2122,1916190
2019/10/24 00:00:00,2225,2245,2224,2232,661
2019/10/24 15:00:00,2118,2146,2113,2132,1946968
2019/10/25 00:00:00,2235,2235,2208,2208,609
2019/10/25 15:00:00,2131,2137,2077,2078,2185748
2019/10/28 00:00:00,2206,2226,2201,2207,487
2019/10/28 15:00:00,2080,2093,2059,2086,1962406
2019/10/29 00:00:00,2213,2221,2200,2210,810
2019/10/29 15:00:00,2094,2112,2090,2099,1758578
2019/10/30 00:00:00,2209,2227,2200,2220,1045
2019/10/30 15:00:00,2092,2116,2073,2105,1933402
2019/10/31 00:00:00,2222,2223,2212,2220,246
2019/10/31 15:00:00,2105,2112,2086,2101,1309780
2019/11/1 00:00:00,2214,2218,2191,2197,495
2019/11/1 15:00:00,2097,2099,2064,2083,1818376
2019/11/4 00:00:00,2199,2209,2191,2205,647
2019/11/4 15:00:00,2081,2098,2072,2088,1331946
2019/11/5 00:00:00,2208,2229,2203,2224,729
2019/11/5 15:00:00,2092,2129,2090,2122,1821598
2019/11/6 00:00:00,2223,2228,2195,2201,411
2019/11/6 15:00:00,2127,2129,2071,2075,1926816
2019/11/7 00:00:00,2195,2208,2182,2186,550
2019/11/7 15:00:00,2075,2086,2043,2049,1951334
2019/11/8 00:00:00,2194,2194,2165,2165,646
2019/11/8 15:00:00,2056,2066,2006,2007,1890998
2019/11/11 00:00:00,2166,2177,2150,2150,1259
2019/11/11 15:00:00,2006,2023,1954,1958,2202682
2019/11/12 00:00:00,2154,2173,2139,2159,1272
2019/11/12 15:00:00,1964,1977,1937,1964,2132322
2019/11/13 00:00:00,2154,2168,2144,2149,874
2019/11/13 15:00:00,1960,1978,1946,1958,1760830
2019/11/14 00:00:00,2153,2153,2130,2141,1007
2019/11/14 15:00:00,1954,1965,1924,1946,2478808
2019/11/15 00:00:00,2144,2165,2131,2150,1318
2019/11/15 15:00:00,1948,1977,1935,1955,2479090
2019/11/18 00:00:00,2154,2164,2147,2158,328
2019/11/18 15:00:00,1952,1973,1947,1964,1784562
2019/11/19 00:00:00,2157,2164,2111,2129,1437
2019/11/19 15:00:00,1964,1980,1891,1925,3487146
2019/11/20 00:00:00,2131,2138,2120,2123,1180
2019/11/20 15:00:00,1922,1927,1895,1906,1930488
2019/11/21 00:00:00,2127,2140,2127,2134,595
2019/11/21 15:00:00,1910,1947,1907,1939,2182104
2019/11/22 00:00:00,2140,2160,2135,2144,1718
2019/11/22 15:00:00,1944,1980,1933,1945,2645402
2019/11/25 00:00:00,2144,2178,2143,2173,1688
2019/11/25 15:00:00,1947,2008,1939,2007,2688770
2019/11/26 00:00:00,2172,2187,2159,2160,1960
2019/11/26 15:00:00,2009,2012,1959,1977,2746138
2019/11/27 00:00:00,2162,2176,2156,2160,2617
2019/11/27 15:00:00,1979,1990,1962,1972,1802472
2019/11/28 00:00:00,2163,2170,2138,2153,1235
2019/11/28 15:00:00,1974,1981,1936,1947,2167948
2019/11/29 00:00:00,2154,2163,2145,2149,1123
2019/11/29 15:00:00,1945,1968,1941,1951,1694518
2019/12/2 00:00:00,2150,2150,2103,2105,2616
2019/12/2 15:00:00,1951,1952,1912,1926,2003668
2019/12/3 00:00:00,2110,2147,2105,2138,2999
2019/12/3 15:00:00,1929,1975,1929,1973,2221896
2019/12/4 00:00:00,2138,2165,2133,2140,4059
2019/12/4 15:00:00,1979,2006,1966,1977,2267570
2019/12/5 00:00:00,2150,2166,2148,2158,2669
2019/12/6 00:00:00,2161,2170,2151,2162,1674
2019/12/9 00:00:00,2160,2195,2155,2183,5387
2019/12/10 00:00:00,2180,2191,2171,2176,2145
2019/12/11 00:00:00,2175,2180,2140,2154,4534
2019/12/12 00:00:00,2155,2193,2151,2192,4617
2019/12/13 00:00:00,2195,2199,2168,2179,4409
2019/12/16 00:00:00,2179,2201,2167,2179,6170
2019/12/17 00:00:00,2179,2205,2178,2204,6581
2019/12/17 15:00:00,2125,2162,2122,2157,1910784
2019/12/18 00:00:00,2204,2207,2160,2162,9360
2019/12/18 15:00:00,2158,2162,2136,2142,1023278
2019/12/19 00:00:00,2164,2179,2161,2176,6841
2019/12/20 00:00:00,2180,2193,2167,2187,9435
2019/12/23 00:00:00,2188,2214,2182,2197,8914
2019/12/24 00:00:00,2197,2202,2168,2183,7427
2019/12/25 00:00:00,2182,2189,2167,2186,10551
2019/12/26 00:00:00,2188,2203,2179,2181,7468
2019/12/27 00:00:00,2178,2213,2177,2191,17684
2019/12/30 00:00:00,2194,2222,2185,2210,20257
2019/12/31 00:00:00,2211,2226,2180,2187,25307
2020/1/2 00:00:00,2192,2211,2186,2208,14866
2020/1/3 00:00:00,2212,2240,2192,2222,26243
2020/1/6 00:00:00,2235,2266,2210,2262,37546
2020/1/7 00:00:00,2254,2269,2226,2250,43031
2020/1/8 00:00:00,2254,2344,2246,2293,61843
2020/1/9 00:00:00,2280,2299,2210,2217,63615
2020/1/10 00:00:00,2221,2231,2203,2218,26578
2020/1/13 00:00:00,2215,2326,2214,2317,93794
2020/1/14 00:00:00,2320,2328,2259,2273,95003
2020/1/15 00:00:00,2288,2288,2234,2250,53951
2020/1/16 00:00:00,2251,2255,2228,2237,53516
2020/1/17 00:00:00,2235,2248,2212,2217,39148
2020/1/20 00:00:00,2222,2278,2218,2270,37306
2020/1/21 00:00:00,2272,2272,2240,2246,25267
2020/1/22 00:00:00,2240,2246,2159,2190,39660
2020/1/23 00:00:00,2191,2208,2164,2177,23319
2020/2/3 00:00:00,2047,2100,2032,2032,45790
2020/2/4 00:00:00,2015,2092,2006,2083,59830
2020/2/5 00:00:00,2087,2117,2075,2097,47038
2020/2/6 00:00:00,2104,2121,2091,2115,39110
2020/2/7 00:00:00,2112,2155,2100,2150,43629
2020/2/10 00:00:00,2135,2162,2126,2140,48489
2020/2/11 00:00:00,2131,2157,2128,2144,36710
2020/2/12 00:00:00,2147,2163,2110,2129,59797
2020/2/13 00:00:00,2139,2149,2124,2137,30427
2020/2/14 00:00:00,2135,2146,2121,2144,24828
2020/2/17 00:00:00,2150,2168,2140,2164,33203
2020/2/18 00:00:00,2162,2177,2132,2134,53659
2020/2/19 00:00:00,2128,2169,2128,2168,35831
2020/2/20 00:00:00,2179,2190,2159,2171,37914
2020/2/21 00:00:00,2177,2182,2152,2168,36900
2020/2/24 00:00:00,2150,2158,2120,2141,51302
2020/2/25 00:00:00,2131,2173,2121,2171,48008
2020/2/26 00:00:00,2157,2181,2130,2143,57017
2020/2/27 00:00:00,2133,2143,2118,2135,44511
2020/2/28 00:00:00,2110,2122,2061,2065,76174
2020/3/2 00:00:00,2063,2125,2060,2113,69143
2020/3/3 00:00:00,2140,2164,2100,2122,58036
2020/3/4 00:00:00,2120,2130,2110,2118,40385
2020/3/5 00:00:00,2119,2138,2111,2124,54882
2020/3/6 00:00:00,2113,2125,2100,2119,60289
2020/3/9 00:00:00,2003,2020,2003,2003,31652
2020/3/10 00:00:00,1930,2043,1925,2018,147341
2020/3/11 00:00:00,2028,2040,1991,1996,77347
2020/3/12 00:00:00,1980,1992,1929,1962,105311
2020/3/13 00:00:00,1935,1989,1920,1962,102014
2020/3/16 00:00:00,1940,1967,1930,1934,72120
2020/3/17 00:00:00,1930,1940,1900,1909,101517
2020/3/18 00:00:00,1890,1912,1828,1856,155984
2020/3/19 00:00:00,1840,1850,1790,1815,157216
2020/3/20 00:00:00,1865,1869,1812,1855,115263
2020/3/23 00:00:00,1803,1844,1791,1837,141016
2020/3/24 00:00:00,1859,1866,1803,1819,177333
2020/3/25 00:00:00,1835,1840,1781,1797,212644
2020/3/26 00:00:00,1794,1802,1760,1793,180736
2020/3/27 00:00:00,1795,1798,1715,1720,267400
2020/3/30 00:00:00,1705,1708,1642,1646,267654
2020/3/31 00:00:00,1657,1708,1655,1682,284897
2020/4/1 00:00:00,1673,1685,1637,1652,257856
2020/4/2 00:00:00,1643,1742,1619,1727,427005
2020/4/3 00:00:00,1759,1759,1708,1733,328416
2020/4/7 00:00:00,1761,1783,1754,1778,304550
2020/4/8 00:00:00,1758,1792,1746,1773,334456
2020/4/9 00:00:00,1797,1848,1785,1846,469450
2020/4/10 00:00:00,1800,1873,1800,1869,650908
2020/4/13 00:00:00,1898,1927,1829,1837,893458
2020/4/14 00:00:00,1846,1849,1760,1764,1166020
2020/4/15 00:00:00,1740,1799,1735,1780,1138291
2020/4/16 00:00:00,1780,1806,1723,1731,1287257
2020/4/17 00:00:00,1746,1776,1724,1754,1138257
2020/4/20 00:00:00,1726,1759,1701,1757,1165844
2020/4/21 00:00:00,1725,1760,1668,1704,1538753
2020/4/22 00:00:00,1661,1682,1630,1660,1405782
2020/4/23 00:00:00,1686,1740,1678,1735,1264307
2020/4/24 00:00:00,1743,1746,1690,1692,1256937
2020/4/27 00:00:00,1687,1688,1655,1665,1053441
2020/4/28 00:00:00,1644,1717,1636,1710,1393608
2020/4/29 00:00:00,1720,1737,1672,1712,1281545
2020/4/30 00:00:00,1734,1788,1717,1786,1232655
2020/5/6 00:00:00,1840,1850,1772,1785,887956
2020/5/7 00:00:00,1768,1807,1750,1751,1319301
2020/5/8 00:00:00,1778,1778,1731,1762,1612354
2020/5/11 00:00:00,1759,1778,1741,1751,1444696
2020/5/12 00:00:00,1756,1763,1717,1725,1243823
2020/5/13 00:00:00,1732,1748,1698,1748,1649053
2020/5/14 00:00:00,1751,1754,1719,1749,1269353
2020/5/15 00:00:00,1746,1778,1738,1760,1317705
2020/5/18 00:00:00,1761,1764,1707,1714,1966684
2020/5/19 00:00:00,1718,1739,1699,1706,2059694
2020/5/20 00:00:00,1700,1754,1692,1742,2083338
2020/5/21 00:00:00,1747,1766,1738,1747,1705912
2020/5/22 00:00:00,1749,1757,1670,1682,2320675
2020/5/25 00:00:00,1685,1701,1666,1690,1698452
2020/5/26 00:00:00,1687,1696,1675,1686,1447857
2020/5/27 00:00:00,1684,1727,1668,1715,2299942
2020/5/28 00:00:00,1715,1722,1696,1711,1474963
2020/5/29 00:00:00,1713,1715,1683,1688,1555347
2020/6/1 00:00:00,1687,1722,1681,1712,1578371
2020/6/2 00:00:00,1711,1720,1696,1707,1435852
2020/6/3 00:00:00,1711,1755,1705,1751,1952177
2020/6/4 00:00:00,1741,1762,1733,1741,1636211
2020/6/5 00:00:00,1744,1765,1742,1757,1385043
2020/6/8 00:00:00,1774,1779,1752,1764,1516466
2020/6/9 00:00:00,1758,1767,1737,1748,1450986
2020/6/10 00:00:00,1745,1756,1733,1739,1152279
2020/6/11 00:00:00,1740,1752,1712,1720,1503865
2020/6/12 00:00:00,1712,1719,1682,1713,1681729
2020/6/15 00:00:00,1721,1727,1675,1682,1547811
2020/6/16 00:00:00,1683,1723,1679,1720,1338352
2020/6/17 00:00:00,1731,1735,1693,1709,1324890
2020/6/18 00:00:00,1707,1718,1694,1716,1134192
2020/6/19 00:00:00,1718,1749,1710,1747,1515309
2020/6/22 00:00:00,1750,1753,1727,1740,1330612
2020/6/23 00:00:00,1740,1772,1738,1766,1709517
2020/6/24 00:00:00,1775,1775,1753,1759,973226
2020/6/29 00:00:00,1737,1754,1718,1740,1061456
2020/6/30 00:00:00,1750,1768,1741,1751,1191579
2020/7/1 00:00:00,1746,1762,1738,1755,1207980
2020/7/2 00:00:00,1751,1798,1749,1787,1804394
2020/7/3 00:00:00,1789,1814,1783,1802,1671597
2020/7/6 00:00:00,1800,1826,1788,1815,1582377
2020/7/7 00:00:00,1810,1818,1770,1783,1598503
2020/7/8 00:00:00,1785,1810,1779,1801,1282689
2020/7/9 00:00:00,1804,1814,1788,1806,1292571
2020/7/10 00:00:00,1804,1811,1763,1773,1653809
2020/7/13 00:00:00,1779,1820,1777,1811,1410752
2020/7/14 00:00:00,1811,1820,1791,1814,1467424
2020/7/15 00:00:00,1810,1863,1808,1839,2103826
2020/7/16 00:00:00,1841,1849,1821,1836,1527962
2020/7/17 00:00:00,1823,1832,1783,1796,1910892
2020/7/20 00:00:00,1796,1806,1763,1771,1464175
2020/7/21 00:00:00,1773,1781,1756,1765,1433408
2020/7/22 00:00:00,1778,1784,1759,1764,1536945
2020/7/23 00:00:00,1758,1779,1737,1773,1656056
2020/7/24 00:00:00,1765,1780,1715,1718,1770045
2020/7/27 00:00:00,1725,1745,1721,1739,1151603
2020/7/28 00:00:00,1741,1755,1726,1728,1142291
2020/7/29 00:00:00,1724,1765,1723,1762,1299889
2020/7/30 00:00:00,1762,1767,1742,1744,876791
2020/7/31 00:00:00,1741,1743,1684,1724,1306241
2020/8/3 00:00:00,1728,1728,1681,1696,971095
2020/8/4 00:00:00,1699,1710,1688,1695,726849
2020/8/5 00:00:00,1690,1707,1671,1694,872788
2020/8/6 00:00:00,1706,1712,1678,1688,854992
2020/8/7 00:00:00,1691,1710,1685,1701,839895
2020/8/10 00:00:00,1704,1742,1692,1729,1185231
2020/8/11 00:00:00,1729,1737,1721,1732,511324
2020/8/12 00:00:00,1739,1758,1710,1743,1018599
2020/8/13 00:00:00,1750,1760,1739,1747,578288
2020/8/14 00:00:00,1752,1758,1732,1750,582271
2020/8/17 00:00:00,1752,1754,1726,1744,396208
2020/8/18 00:00:00,1901,1933,1901,1925,839101
2020/8/19 00:00:00,1925,1932,1918,1923,696544
2020/8/20 00:00:00,1921,1935,1898,1908,961487
2020/8/21 00:00:00,1906,1928,1898,1928,907302
2020/8/24 00:00:00,1924,1948,1920,1944,1107016
2020/8/25 00:00:00,1944,1953,1938,1948,712543
2020/8/26 00:00:00,1948,1967,1940,1965,921010
2020/8/27 00:00:00,1966,1970,1955,1960,662008
2020/8/28 00:00:00,1959,1968,1935,1948,936098
2020/8/31 00:00:00,1950,1991,1948,1980,957168
2020/9/1 00:00:00,1985,2043,1978,2030,1459470
2020/9/2 00:00:00,2029,2050,2028,2037,1254186
2020/9/3 00:00:00,2039,2040,2023,2027,972619
2020/9/4 00:00:00,2020,2058,1992,2054,1302569
2020/9/7 00:00:00,2060,2079,2040,2053,1464550
2020/9/8 00:00:00,2054,2062,2021,2026,1129192
2020/9/9 00:00:00,2007,2014,1941,1988,1636586
2020/9/10 00:00:00,1998,2011,1974,1987,1161727
2020/9/11 00:00:00,1982,2005,1977,2002,962935
2020/9/14 00:00:00,1997,2036,1992,2029,934956
2020/9/15 00:00:00,2032,2115,2032,2086,1994420
2020/9/16 00:00:00,2087,2100,2068,2084,1287635
2020/9/17 00:00:00,2085,2114,2075,2092,1531001
2020/9/18 00:00:00,2095,2095,2053,2077,1432445
2020/9/21 00:00:00,2072,2087,2046,2076,1408578
2020/9/22 00:00:00,2069,2069,1994,2014,1573231
2020/9/23 00:00:00,2019,2032,1996,2011,1035364
2020/9/24 00:00:00,2016,2027,1978,1996,1236761
2020/9/25 00:00:00,1995,2023,1995,2017,858645
2020/9/28 00:00:00,2013,2034,1990,1991,1077156
2020/9/29 00:00:00,1991,2004,1953,1976,1183271
2020/9/30 00:00:00,1979,1982,1917,1917,1075992
2020/10/9 00:00:00,1963,1993,1954,1980,562766
2020/10/12 00:00:00,1980,2037,1980,2027,1049733
2020/10/13 00:00:00,2027,2043,2011,2036,871969
2020/10/14 00:00:00,2040,2055,2030,2039,949035
2020/10/15 00:00:00,2044,2064,2024,2056,1104003
2020/10/16 00:00:00,2043,2076,2029,2069,1521566
2020/10/19 00:00:00,2070,2088,2031,2042,1440340
2020/10/20 00:00:00,2043,2043,2021,2032,766426
2020/10/21 00:00:00,2034,2146,2029,2110,2646424
2020/10/22 00:00:00,2105,2106,2074,2088,1331465
2020/10/23 00:00:00,2084,2093,2046,2055,1411254
2020/10/26 00:00:00,2058,2066,2003,2004,1620833
2020/10/27 00:00:00,2003,2032,1997,2029,1178946
2020/10/28 00:00:00,2024,2063,2024,2057,1554963
2020/10/29 00:00:00,2036,2063,2015,2034,1996631
2020/10/30 00:00:00,2011,2065,1982,2013,2186293
2020/11/2 00:00:00,2012,2030,1985,2019,1522885
2020/11/3 00:00:00,2028,2068,2022,2040,1929300
2020/11/4 00:00:00,2054,2087,2045,2065,1733811
2020/11/5 00:00:00,2070,2082,2042,2044,1226644
2020/11/6 00:00:00,2054,2091,2045,2080,1633327
2020/11/9 00:00:00,2081,2104,2060,2081,1298187
2020/11/10 00:00:00,2134,2136,2095,2126,1780550
2020/11/11 00:00:00,2135,2201,2128,2156,2455440
2020/11/12 00:00:00,2160,2186,2143,2182,1266211
2020/11/13 00:00:00,2178,2256,2172,2255,1870662
2020/11/16 00:00:00,2253,2303,2224,2232,2307042
2020/11/17 00:00:00,2238,2260,2215,2233,1586782
2020/11/18 00:00:00,2232,2256,2204,2251,1719500
2020/11/19 00:00:00,2265,2323,2244,2280,2156495
2020/11/20 00:00:00,2281,2297,2266,2287,1239540
2020/11/23 00:00:00,2292,2351,2263,2281,1898567
2020/11/24 00:00:00,2283,2307,2267,2296,1304939
2020/11/25 00:00:00,2298,2341,2298,2310,1726490
2020/11/26 00:00:00,2308,2314,2219,2230,1862334
2020/11/27 00:00:00,2228,2265,2218,2254,1130730
2020/11/30 00:00:00,2258,2277,2242,2274,1181248
2020/12/1 00:00:00,2273,2321,2260,2301,1703327
2020/12/2 00:00:00,2300,2319,2280,2306,1013158
2020/12/3 00:00:00,2306,2311,2235,2250,1327427
2020/12/4 00:00:00,2252,2261,2207,2239,1214225
2020/12/7 00:00:00,2241,2282,2234,2243,955238
2020/12/8 00:00:00,2251,2280,2225,2227,1197046
2020/12/9 00:00:00,2236,2277,2230,2269,948042
2020/12/10 00:00:00,2270,2331,2268,2305,1037631
2020/12/11 00:00:00,2315,2441,2304,2435,1183940
2020/12/14 00:00:00,2468,2492,2446,2475,1272830
2020/12/15 00:00:00,2481,2524,2454,2515,1487986
2020/12/16 00:00:00,2519,2525,2484,2491,1252846
2020/12/17 00:00:00,2494,2511,2465,2503,1460278
2020/12/18 00:00:00,2503,2562,2489,2517,1686862
2020/12/21 00:00:00,2515,2549,2495,2511,1015014
2020/12/22 00:00:00,2496,2558,2463,2467,1913894
2020/12/23 00:00:00,2478,2479,2385,2428,1747143
2020/12/24 00:00:00,2448,2541,2438,2509,2291388
2020/12/25 00:00:00,2503,2514,2451,2458,1468567
2020/12/28 00:00:00,2450,2472,2344,2363,1947349
2020/12/29 00:00:00,2370,2384,2316,2336,1663308
2020/12/30 00:00:00,2335,2374,2322,2366,1348839
2020/12/31 00:00:00,2367,2402,2353,2397,1235315
2021/1/4 00:00:00,2392,2418,2367,2405,1053991
2021/1/5 00:00:00,2389,2425,2388,2416,1219164
2021/1/6 00:00:00,2425,2436,2371,2386,1334261
2021/1/7 00:00:00,2385,2392,2335,2380,1459886
2021/1/8 00:00:00,2377,2385,2293,2317,1567276
2021/1/11 00:00:00,2327,2369,2318,2327,1609914
2021/1/12 00:00:00,2329,2352,2281,2342,987568
2021/1/13 00:00:00,2352,2384,2323,2362,1499199
2021/1/14 00:00:00,2360,2367,2306,2318,1302555
2021/1/15 00:00:00,2313,2344,2280,2303,1649673
2021/1/18 00:00:00,2303,2345,2287,2341,1228244
2021/1/19 00:00:00,2340,2350,2302,2315,1279752
2021/1/20 00:00:00,2309,2316,2261,2263,1503325
2021/1/21 00:00:00,2266,2328,2257,2318,1440962
2021/1/22 00:00:00,2319,2344,2312,2338,1453339
2021/1/25 00:00:00,2327,2340,2273,2280,1633616
2021/1/26 00:00:00,2279,2293,2236,2239,1346198
2021/1/27 00:00:00,2242,2259,2236,2258,871455
2021/1/28 00:00:00,2252,2269,2228,2259,1164985
2021/1/29 00:00:00,2261,2317,2253,2297,1505059
2021/2/1 00:00:00,2305,2329,2290,2297,1052815
2021/2/2 00:00:00,2295,2310,2253,2275,1189517
2021/2/3 00:00:00,2278,2281,2230,2267,1197800
2021/2/4 00:00:00,2276,2321,2270,2319,1306639
2021/2/5 00:00:00,2321,2338,2306,2328,1029629
2021/2/8 00:00:00,2331,2358,2312,2320,978113
2021/2/9 00:00:00,2321,2338,2301,2326,769686
2021/2/10 00:00:00,2320,2331,2248,2248,932630
2021/2/18 00:00:00,2306,2360,2294,2356,840445
2021/2/19 00:00:00,2361,2413,2343,2387,1380135
2021/2/22 00:00:00,2385,2462,2370,2435,1278995
2021/2/23 00:00:00,2435,2484,2408,2450,1633888
2021/2/24 00:00:00,2446,2471,2427,2461,1190632
2021/2/25 00:00:00,2477,2562,2462,2526,1673295
2021/2/26 00:00:00,2528,2538,2443,2472,1586472
2021/3/1 00:00:00,2465,2584,2447,2531,2067445
2021/3/2 00:00:00,2529,2540,2470,2528,1554048
2021/3/3 00:00:00,2542,2593,2505,2540,1644403
2021/3/4 00:00:00,2556,2557,2505,2511,1475244
2021/3/5 00:00:00,2511,2581,2486,2571,1759944
2021/3/8 00:00:00,2591,2681,2585,2615,1503603
2021/3/9 00:00:00,2600,2632,2578,2594,1343909
2021/3/10 00:00:00,2586,2590,2459,2470,1731796
2021/3/11 00:00:00,2487,2491,2421,2460,1294359
2021/3/12 00:00:00,2466,2484,2433,2477,1286284
2021/3/15 00:00:00,2481,2488,2412,2447,1321912
2021/3/16 00:00:00,2440,2475,2434,2458,975880
2021/3/17 00:00:00,2449,2453,2406,2439,1087825
2021/3/18 00:00:00,2430,2432,2376,2414,1181185
2021/3/19 00:00:00,2401,2411,2288,2321,1574340
2021/3/22 00:00:00,2320,2346,2303,2342,962581
2021/3/23 00:00:00,2342,2365,2326,2350,920981
2021/3/24 00:00:00,2336,2368,2330,2356,944465
2021/3/25 00:00:00,2366,2370,2319,2342,1089792
2021/3/26 00:00:00,2337,2366,2334,2362,930528
2021/3/29 00:00:00,2370,2398,2361,2378,948596
2021/3/30 00:00:00,2390,2443,2387,2418,1105939
2021/3/31 00:00:00,2413,2430,2375,2381,988016
2021/4/1 00:00:00,2381,2396,2360,2381,835497
2021/4/2 00:00:00,2383,2442,2353,2434,1078912
2021/4/6 00:00:00,2422,2466,2415,2457,791945
2021/4/7 00:00:00,2460,2484,2453,2468,756828
2021/4/8 00:00:00,2463,2472,2430,2458,760851
2021/4/9 00:00:00,2463,2484,2421,2462,964036
2021/4/12 00:00:00,2470,2470,2344,2356,1105476
2021/4/13 00:00:00,2362,2394,2356,2381,615996
2021/4/14 00:00:00,2395,2435,2390,2425,604792
2021/4/15 00:00:00,2426,2481,2419,2478,456525
2021/4/16 00:00:00,2417,2470,2405,2457,1182054
2021/4/19 00:00:00,2466,2475,2435,2462,905901
2021/4/20 00:00:00,2472,2484,2439,2453,1046202
2021/4/21 00:00:00,2444,2455,2391,2409,1210966
2021/4/22 00:00:00,2393,2435,2382,2405,1343097
2021/4/23 00:00:00,2412,2420,2362,2375,1274223
2021/4/26 00:00:00,2374,2460,2372,2433,1613412
2021/4/27 00:00:00,2433,2479,2427,2456,1216643
2021/4/28 00:00:00,2454,2458,2398,2434,1483682
2021/4/29 00:00:00,2433,2469,2421,2452,1246704
2021/4/30 00:00:00,2467,2495,2431,2441,1290923
2021/5/6 00:00:00,2457,2543,2448,2531,926426
2021/5/7 00:00:00,2531,2580,2521,2575,1043272
2021/5/10 00:00:00,2573,2612,2540,2565,1419168
2021/5/11 00:00:00,2571,2588,2518,2559,1344759
2021/5/12 00:00:00,2572,2707,2551,2707,1542053
2021/5/13 00:00:00,2727,2852,2683,2755,2707183
2021/5/14 00:00:00,2754,2823,2640,2734,3172279
2021/5/17 00:00:00,2747,2791,2659,2678,2081945
2021/5/18 00:00:00,2673,2723,2653,2690,1531512
2021/5/19 00:00:00,2691,2691,2620,2655,1453306
2021/5/20 00:00:00,2629,2629,2496,2551,1888541
2021/5/21 00:00:00,2540,2565,2486,2513,1496842
2021/5/24 00:00:00,2532,2595,2493,2576,1561550
2021/5/25 00:00:00,2589,2623,2561,2586,1476943
2021/5/26 00:00:00,2577,2696,2544,2682,1792340
2021/5/27 00:00:00,2664,2664,2566,2569,1979240
2021/5/28 00:00:00,2585,2636,2554,2566,1652181
2021/5/31 00:00:00,2567,2605,2543,2551,1514494
2021/6/1 00:00:00,2549,2575,2530,2567,1245720
2021/6/2 00:00:00,2575,2594,2495,2506,1755571
2021/6/3 00:00:00,2505,2563,2488,2542,1413206
2021/6/4 00:00:00,2539,2559,2496,2506,1559267
2021/6/7 00:00:00,2512,2523,2437,2445,1587652
2021/6/8 00:00:00,2458,2459,2412,2441,1157456
2021/6/9 00:00:00,2448,2466,2426,2460,1004120
2021/6/10 00:00:00,2459,2473,2428,2456,1147285
2021/6/11 00:00:00,2470,2471,2424,2459,1174535
2021/6/15 00:00:00,2476,2517,2434,2514,1360754
2021/6/16 00:00:00,2516,2535,2504,2512,1097196
2021/6/17 00:00:00,2514,2524,2487,2498,1117175
2021/6/18 00:00:00,2487,2512,2441,2452,1374217
2021/6/21 00:00:00,2453,2475,2432,2435,1054333
2021/6/22 00:00:00,2434,2533,2428,2526,1446473
2021/6/23 00:00:00,2527,2589,2516,2557,1418700
2021/6/24 00:00:00,2561,2591,2552,2563,989172
2021/6/25 00:00:00,2549,2598,2535,2591,1283043
2021/6/28 00:00:00,2591,2596,2515,2545,1429846
2021/6/29 00:00:00,2545,2571,2536,2548,1094409
2021/6/30 00:00:00,2560,2630,2553,2567,1613769
2021/7/1 00:00:00,2576,2595,2556,2567,1032347
2021/7/2 00:00:00,2589,2599,2559,2595,1148342
2021/7/5 00:00:00,2597,2650,2580,2618,1394221
2021/7/6 00:00:00,2624,2658,2613,2632,1198773
2021/7/7 00:00:00,2615,2619,2532,2562,1474914
2021/7/8 00:00:00,2563,2571,2520,2541,1079935
2021/7/9 00:00:00,2536,2595,2529,2594,1069811
2021/7/12 00:00:00,2601,2638,2597,2616,1117382
2021/7/13 00:00:00,2612,2648,2609,2638,835984
2021/7/14 00:00:00,2631,2675,2619,2667,1111585
2021/7/15 00:00:00,2676,2676,2604,2636,1104014
2021/7/16 00:00:00,2636,2729,2632,2700,1376596
2021/7/19 00:00:00,2714,2755,2684,2749,1140807
2021/7/20 00:00:00,2732,2748,2685,2718,1167884
2021/7/21 00:00:00,2717,2727,2663,2703,1211854
2021/7/22 00:00:00,2723,2778,2707,2728,1294372
2021/7/23 00:00:00,2729,2763,2687,2702,1233003
2021/7/26 00:00:00,2694,2708,2651,2673,1161154
2021/7/27 00:00:00,2678,2695,2659,2662,784792
2021/7/28 00:00:00,2657,2668,2619,2651,1004738
2021/7/29 00:00:00,2653,2688,2642,2678,857163
2021/7/30 00:00:00,2678,2786,2671,2769,1402701
2021/8/2 00:00:00,2763,2773,2681,2683,1230758
2021/8/3 00:00:00,2678,2685,2613,2626,1143164
2021/8/4 00:00:00,2608,2646,2606,2631,807033
2021/8/5 00:00:00,2628,2662,2613,2619,1025748
2021/8/6 00:00:00,2627,2647,2582,2634,1076045
2021/8/9 00:00:00,2634,2643,2557,2591,1018308
2021/8/10 00:00:00,2583,2645,2582,2634,764119
2021/8/11 00:00:00,2630,2670,2629,2665,678492
2021/8/12 00:00:00,2670,2704,2653,2682,647823
2021/8/13 00:00:00,2686,2691,2670,2687,393653
2021/8/16 00:00:00,2844,2876,2810,2847,879200
2021/8/17 00:00:00,2844,2872,2823,2859,841999
2021/8/18 00:00:00,2865,2894,2842,2855,966933
2021/8/19 00:00:00,2857,2857,2797,2813,1068322
2021/8/20 00:00:00,2805,2813,2774,2810,1035513
2021/8/23 00:00:00,2795,2925,2766,2921,1509686
2021/8/24 00:00:00,2921,2929,2823,2838,1348424
2021/8/25 00:00:00,2846,2879,2838,2859,896261
2021/8/26 00:00:00,2855,2858,2785,2787,1036816
2021/8/27 00:00:00,2785,2822,2774,2815,806694
2021/8/30 00:00:00,2823,2838,2784,2815,986270
2021/8/31 00:00:00,2815,2830,2771,2791,1042677
2021/9/1 00:00:00,2783,2859,2755,2844,1466860
2021/9/2 00:00:00,2839,2902,2832,2888,1119910
2021/9/3 00:00:00,2888,2902,2867,2893,800282
2021/9/6 00:00:00,2906,2931,2881,2918,923720
2021/9/7 00:00:00,2926,3065,2916,3052,1427984
2021/9/8 00:00:00,3043,3079,3007,3059,1212988
2021/9/9 00:00:00,3059,3116,3025,3058,1459931
2021/9/10 00:00:00,3046,3108,3003,3005,1486586
2021/9/13 00:00:00,3024,3140,3013,3049,1657811
2021/9/14 00:00:00,3062,3083,2990,3014,1657535
2021/9/15 00:00:00,3014,3112,2956,3108,1909949
2021/9/16 00:00:00,3118,3205,3118,3185,1259019
2021/10/11 00:00:00,4013,4013,4013,4013,1099793
2021/10/12 00:00:00,4016,4235,3982,4054,3187428
2021/10/13 00:00:00,4013,4113,3774,3857,3755967
2021/10/14 00:00:00,3864,3896,3687,3833,3423655
2021/10/15 00:00:00,3834,3858,3623,3762,3593729
2021/10/18 00:00:00,3753,3913,3648,3858,3475891
2021/10/19 00:00:00,3850,3906,3726,3807,2932653
2021/10/20 00:00:00,3698,3735,3475,3475,1938071
2021/10/21 00:00:00,3350,3531,3279,3330,2857757
2021/10/22 00:00:00,3329,3423,3120,3263,4039765
2021/10/25 00:00:00,3271,3300,3126,3180,3264507
2021/10/26 00:00:00,3218,3242,3045,3177,3369060
2021/10/27 00:00:00,3189,3201,2872,2872,3319353
2021/10/28 00:00:00,2820,2894,2644,2773,4352974
2021/10/29 00:00:00,2788,2904,2762,2853,4215537
2021/11/1 00:00:00,2845,2979,2833,2876,3327862
2021/11/2 00:00:00,2896,2975,2665,2841,3776501
2021/11/3 00:00:00,2822,2950,2765,2925,3481012
2021/11/4 00:00:00,2915,2929,2795,2889,2882634
2021/11/5 00:00:00,2925,2942,2767,2768,2775991
2021/11/8 00:00:00,2780,2920,2774,2811,2412529
2021/11/9 00:00:00,2819,2847,2766,2770,2095711
2021/11/10 00:00:00,2753,2766,2595,2689,2884991
2021/11/11 00:00:00,2690,2774,2650,2732,2539709
2021/11/12 00:00:00,2710,2725,2544,2561,2571049
2021/11/15 00:00:00,2545,2610,2496,2505,2114280
2021/11/16 00:00:00,2510,2606,2510,2560,1676748
2021/11/17 00:00:00,2541,2593,2499,2557,3311528
2021/11/18 00:00:00,2574,2584,2489,2549,1979486
2021/11/19 00:00:00,2539,2641,2504,2600,2093522
2021/11/22 00:00:00,2553,2677,2551,2643,2013386
2021/11/23 00:00:00,2650,2728,2636,2691,1809298
2021/11/24 00:00:00,2710,2781,2699,2722,1729942
2021/11/25 00:00:00,2735,2761,2665,2756,1808597
2021/11/26 00:00:00,2760,2760,2631,2651,1817913
2021/11/29 00:00:00,2608,2684,2591,2670,1635879
2021/11/30 00:00:00,2665,2687,2612,2635,1289170
2021/12/1 00:00:00,2631,2719,2618,2699,1364117
2021/12/2 00:00:00,2710,2735,2625,2626,1338657
2021/12/3 00:00:00,2612,2651,2578,2639,1296992
2021/12/6 00:00:00,2639,2714,2639,2686,1145183
2021/12/7 00:00:00,2693,2710,2618,2635,1012338
2021/12/8 00:00:00,2635,2660,2574,2631,1058871
2021/12/9 00:00:00,2631,2677,2571,2589,1125497
2021/12/10 00:00:00,2589,2672,2584,2628,887048
2021/12/13 00:00:00,2649,2729,2620,2717,938750
2021/12/14 00:00:00,2698,2725,2684,2715,578873
2021/12/15 00:00:00,2585,2624,2566,2577,568196
2021/12/16 00:00:00,2551,2650,2546,2647,1360172
2021/12/17 00:00:00,2650,2689,2639,2677,1156534
2021/12/20 00:00:00,2670,2732,2607,2614,1488241
2021/12/21 00:00:00,2610,2620,2556,2568,1369862
2021/12/22 00:00:00,2552,2598,2530,2555,1358021
2021/12/23 00:00:00,2551,2579,2534,2568,1053726
2021/12/24 00:00:00,2568,2645,2566,2609,1570326
2021/12/27 00:00:00,2614,2633,2528,2529,1411823
2021/12/28 00:00:00,2530,2561,2504,2523,1242263
2021/12/29 00:00:00,2525,2559,2523,2545,1098130
2021/12/30 00:00:00,2545,2564,2519,2544,1589913
2021/12/31 00:00:00,2536,2538,2474,2478,3229815
2022/1/4 00:00:00,2516,2607,2515,2591,1212002
2022/1/5 00:00:00,2591,2600,2558,2579,1246769
2022/1/6 00:00:00,2582,2621,2561,2605,1453336
2022/1/7 00:00:00,2623,2644,2581,2634,1516688
2022/1/10 00:00:00,2638,2679,2603,2614,1074513
2022/1/11 00:00:00,2610,2616,2538,2559,1644877
2022/1/12 00:00:00,2555,2586,2546,2576,1162268
2022/1/13 00:00:00,2581,2638,2576,2609,1628045
2022/1/14 00:00:00,2609,2717,2605,2713,1620096
2022/1/17 00:00:00,2729,2734,2683,2716,1036457
2022/1/18 00:00:00,2715,2777,2662,2774,1637179
2022/1/19 00:00:00,2777,2880,2760,2811,2147471
2022/1/20 00:00:00,2801,2835,2788,2798,1471256
2022/1/21 00:00:00,2786,2823,2744,2795,1933840
2022/1/24 00:00:00,2805,2860,2765,2768,1260935
2022/1/25 00:00:00,2764,2786,2726,2779,1385977
2022/1/26 00:00:00,2783,2845,2755,2821,1445777
2022/1/27 00:00:00,2830,2858,2804,2821,1187998
2022/1/28 00:00:00,2838,2923,2805,2823,1660621
2022/2/7 00:00:00,2904,2979,2904,2952,640074
2022/2/8 00:00:00,2940,2986,2908,2935,1266175
2022/2/9 00:00:00,2901,2901,2815,2823,1423430
2022/2/10 00:00:00,2790,2822,2764,2799,1313230
2022/2/11 00:00:00,2821,2825,2705,2706,1589149
2022/2/14 00:00:00,2723,2801,2692,2752,1124403
2022/2/15 00:00:00,2746,2778,2726,2758,1279904
2022/2/16 00:00:00,2730,2776,2712,2750,1372298
2022/2/17 00:00:00,2743,2765,2681,2682,1285628
2022/2/18 00:00:00,2685,2783,2685,2768,1400337
2022/2/21 00:00:00,2757,2790,2742,2773,832804
2022/2/22 00:00:00,2776,2846,2763,2780,1409386
2022/2/23 00:00:00,2786,2834,2777,2825,1076989
2022/2/24 00:00:00,2837,2873,2804,2828,1334629
2022/2/25 00:00:00,2860,2881,2709,2763,2053452
2022/2/28 00:00:00,2757,2908,2757,2895,1254459
2022/3/1 00:00:00,2895,2950,2878,2945,1095127
2022/3/2 00:00:00,2980,3067,2938,3018,1735830
2022/3/3 00:00:00,3028,3159,2997,3139,1775855
2022/3/4 00:00:00,3139,3144,3024,3060,1849888
2022/3/7 00:00:00,3070,3323,3055,3301,1443482
2022/3/8 00:00:00,3266,3314,3157,3252,2190512
2022/3/9 00:00:00,3260,3369,3228,3290,2011281
2022/3/10 00:00:00,3200,3215,3018,3119,2234966
2022/3/11 00:00:00,3159,3204,3083,3130,1564261
2022/3/14 00:00:00,3070,3118,2987,2987,1038074
2022/3/15 00:00:00,2974,2996,2905,2918,1356136
2022/3/16 00:00:00,2896,2962,2883,2948,1105332
2022/3/17 00:00:00,2950,2961,2885,2928,1152246
2022/3/18 00:00:00,2970,3030,2958,3020,1421637
2022/3/21 00:00:00,2960,3077,2956,3063,908100
2022/3/22 00:00:00,3075,3133,3061,3085,1155214
2022/3/23 00:00:00,3076,3096,3047,3061,1116046
2022/3/24 00:00:00,3090,3128,3024,3038,1328650
2022/3/25 00:00:00,3050,3130,3017,3111,1334145
2022/3/28 00:00:00,3090,3168,3080,3095,1089642
2022/3/29 00:00:00,3082,3082,3028,3054,1060742
2022/3/30 00:00:00,2998,3041,2945,3027,1383996
2022/3/31 00:00:00,3029,3043,2890,2917,1191570
2022/4/1 00:00:00,2910,2939,2878,2889,945885
2022/4/6 00:00:00,2912,2976,2909,2959,431518
2022/4/7 00:00:00,2974,2998,2923,2936,899362
2022/4/8 00:00:00,2921,2933,2847,2867,1025663
2022/4/11 00:00:00,2856,2860,2774,2799,699477
2022/4/12 00:00:00,2785,2854,2769,2840,756425
2022/4/13 00:00:00,2855,2885,2839,2861,677331
2022/4/14 00:00:00,2861,2905,2861,2871,619827
2022/4/15 00:00:00,2910,2941,2863,2881,1230572
2022/4/18 00:00:00,2870,2995,2856,2993,1108414
2022/4/19 00:00:00,2995,3026,2969,2976,1272039
2022/4/20 00:00:00,2960,2994,2940,2958,1323219
2022/4/21 00:00:00,2946,2966,2923,2937,1404229
2022/4/22 00:00:00,2937,2965,2870,2872,1481097
2022/4/25 00:00:00,2857,2881,2714,2714,1289256
2022/4/26 00:00:00,2698,2763,2684,2722,1568221
2022/4/27 00:00:00,2735,2765,2651,2678,1975351
2022/4/28 00:00:00,2670,2712,2662,2692,1646955
2022/4/29 00:00:00,2680,2728,2662,2709,1608082
2022/5/5 00:00:00,2731,2797,2695,2784,844804
2022/5/6 00:00:00,2804,2832,2758,2772,1769055
2022/5/9 00:00:00,2772,2772,2668,2683,1641652
2022/5/10 00:00:00,2659,2682,2596,2656,2138206
2022/5/11 00:00:00,2669,2706,2616,2702,1703087
2022/5/12 00:00:00,2709,2745,2662,2728,2274129
2022/5/13 00:00:00,2716,2775,2704,2765,2066803
2022/5/16 00:00:00,2785,2801,2757,2770,1189161
2022/5/17 00:00:00,2775,2812,2758,2771,1518094
2022/5/18 00:00:00,2767,2770,2686,2694,1927193
2022/5/19 00:00:00,2706,2732,2679,2721,1599281
2022/5/20 00:00:00,2704,2784,2690,2724,2450756
2022/5/23 00:00:00,2743,2823,2735,2813,1861003
2022/5/24 00:00:00,2813,2814,2725,2726,2399509
2022/5/25 00:00:00,2731,2750,2685,2737,2134650
2022/5/26 00:00:00,2738,2805,2717,2797,2226786
2022/5/27 00:00:00,2798,2823,2781,2805,1968713
2022/5/30 00:00:00,2797,2829,2770,2784,1688728
2022/5/31 00:00:00,2784,2849,2765,2827,2213864
2022/6/1 00:00:00,2830,2883,2801,2878,2170406
2022/6/2 00:00:00,2890,2890,2837,2859,1765708
2022/6/6 00:00:00,2902,2902,2847,2863,1093613
2022/6/7 00:00:00,2865,2904,2855,2887,1670417
2022/6/8 00:00:00,2885,2961,2876,2945,2204792
2022/6/9 00:00:00,2955,2964,2886,2895,1977844
2022/6/10 00:00:00,2893,2926,2885,2911,1651941
2022/6/13 00:00:00,2916,2947,2874,2941,1611705
2022/6/14 00:00:00,2944,2955,2886,2939,2469444
2022/6/15 00:00:00,2945,2962,2840,2842,2499869
2022/6/16 00:00:00,2841,2849,2795,2807,1958462
2022/6/17 00:00:00,2804,2804,2733,2756,2370778
2022/6/20 00:00:00,2750,2759,2666,2672,1541542
2022/6/21 00:00:00,2676,2721,2636,2700,2046663
2022/6/22 00:00:00,2702,2738,2644,2663,2132199
2022/6/23 00:00:00,2650,2687,2599,2650,2301329
2022/6/24 00:00:00,2651,2680,2540,2544,2549739
2022/6/27 00:00:00,2571,2592,2503,2586,1813083
2022/6/28 00:00:00,2589,2636,2565,2633,2163724
2022/6/29 00:00:00,2641,2660,2606,2635,1933367
2022/6/30 00:00:00,2658,2671,2625,2636,1718924
2022/7/1 00:00:00,2636,2640,2534,2553,2089091
2022/7/4 00:00:00,2572,2575,2507,2555,1296056
2022/7/5 00:00:00,2563,2582,2516,2558,2165282
2022/7/6 00:00:00,2540,2546,2437,2494,2554425
2022/7/7 00:00:00,2496,2573,2460,2533,2365715
2022/7/8 00:00:00,2545,2568,2484,2485,1789428
2022/7/11 00:00:00,2484,2513,2373,2401,1859479
2022/7/12 00:00:00,2390,2402,2314,2324,2554141
2022/7/13 00:00:00,2311,2363,2297,2335,2380282
2022/7/14 00:00:00,2320,2377,2318,2324,2169954
2022/7/15 00:00:00,2315,2367,2277,2301,2840412
2022/7/18 00:00:00,2324,2398,2304,2394,1692705