day,h1_vol,h1_vibrate,day_vibrate,day_high,day_low
2011/10/28,11879,90,90,3220,3130,
2011/10/31,10532,88,88,3198,3110,
2011/11/1,3829,28,29,3154,3125,
2011/11/2,1767,32,32,3127,3095,
2011/11/3,833,14,14,3121,3107,
2011/11/4,1052,13,23,3145,3122,
2011/11/7,410,15,21,3142,3121,
2011/11/8,284,13,20,3134,3114,
2011/11/9,1460,44,120,3128,3008,
2011/11/10,2481,43,55,2975,2920,
2011/11/11,4416,70,107,3007,2900,
2011/11/14,4062,64,89,3009,2920,
2011/11/15,5194,50,59,2949,2890,
2011/11/16,2578,27,41,2944,2903,
2011/11/17,4302,40,57,2912,2855,
2011/11/18,3112,39,46,2877,2831,
2011/11/21,1668,27,27,2879,2852,
2011/11/22,1786,26,26,2859,2833,
2011/11/23,1129,12,49,2850,2801,
2011/11/24,2257,41,41,2810,2769,
2011/11/25,1619,22,42,2795,2753,
2011/11/28,2784,19,55,2776,2721,
2011/11/29,3792,22,44,2766,2722,
2011/11/30,9299,37,37,2788,2751,
2011/12/1,5995,68,68,2850,2782,
2011/12/2,3486,35,37,2799,2762,
2011/12/5,2994,20,20,2804,2784,
2011/12/6,1483,14,14,2796,2782,
2011/12/7,764,11,11,2804,2793,
2011/12/8,652,10,17,2796,2779,
2011/12/9,867,10,10,2785,2775,
2011/12/12,688,16,44,2780,2736,
2011/12/13,1850,22,22,2735,2713,
2011/12/14,1079,12,19,2724,2705,
2011/12/15,1240,19,28,2689,2661,
2011/12/16,1040,14,28,2696,2668,
2011/12/19,866,13,21,2689,2668,
2011/12/20,1025,15,15,2686,2671,
2011/12/21,2026,18,18,2703,2685,
2011/12/22,772,12,13,2691,2678,
2011/12/23,1107,15,15,2702,2687,
2011/12/26,622,14,39,2707,2668,
2011/12/27,914,11,14,2679,2665,
2011/12/28,2672,49,49,2726,2677,
2011/12/29,726,12,17,2718,2701,
2011/12/30,720,14,15,2734,2719,
2012/1/4,695,14,20,2758,2738,
2012/1/5,370,11,34,2773,2739,
2012/1/6,4219,58,90,2852,2762,
2012/1/9,3661,27,27,2848,2821,
2012/1/10,1673,26,44,2858,2814,
2012/1/11,3920,28,32,2855,2823,
2012/1/12,1417,12,36,2862,2826,
2012/1/13,2393,19,26,2848,2822,
2012/1/16,1681,23,32,2843,2811,
2012/1/17,1447,22,45,2881,2836,
2012/1/18,2284,29,29,2895,2866,
2012/1/19,2971,47,65,2945,2880,
2012/1/20,964,15,32,2965,2933,
2012/1/30,1484,28,44,2995,2951,
2012/1/31,4204,34,35,3015,2980,
2012/2/1,1982,12,15,3008,2993,
2012/2/2,1368,13,37,3008,2971,
2012/2/3,2697,26,31,2984,2953,
2012/2/6,2671,30,53,3033,2980,
2012/2/7,2835,25,40,3036,2996,
2012/2/8,2485,22,22,3032,3010,
2012/2/9,6821,59,86,3015,2929,
2012/2/10,5653,36,38,2949,2911,
2012/2/13,3197,18,18,2950,2932,
2012/2/14,4786,36,53,2937,2884,
2012/2/15,3967,22,46,2923,2877,
2012/2/16,8957,44,54,2932,2878,
2012/2/17,8398,24,31,2947,2916,
2012/2/20,7314,55,59,2970,2911,
2012/2/21,3356,13,24,2938,2914,
2012/2/22,2780,14,21,2951,2930,
2012/2/23,3508,13,18,2953,2935,
2012/2/24,2255,13,42,2950,2908,
2012/2/27,4597,20,30,2933,2903,
2012/2/28,5562,28,40,2930,2890,
2012/2/29,7169,33,59,2977,2918,
2012/3/1,8864,25,25,2988,2963,
2012/3/2,10160,45,49,3029,2980,
2012/3/5,6517,25,34,3040,3006,
2012/3/6,3809,23,45,3025,2980,
2012/3/7,4625,17,33,2976,2943,
2012/3/8,4514,19,30,2970,2940,
2012/3/9,3794,19,55,3010,2955,
2012/3/12,4731,37,38,3016,2978,
2012/3/13,6391,47,47,3034,2987,
2012/3/14,13912,33,68,3060,2992,
2012/3/15,7230,22,31,3003,2972,
2012/3/16,4027,18,48,2989,2941,
2012/3/19,5811,30,32,2979,2947,
2012/3/20,7280,22,58,3013,2955,
2012/3/21,9985,24,26,3017,2991,
2012/3/22,12215,46,61,3006,2945,
2012/3/23,8347,27,33,2965,2932,
2012/3/26,7875,36,36,3001,2965,
2012/3/27,5647,30,35,3000,2965,
2012/3/28,9910,30,47,3000,2953,
2012/3/29,4186,18,38,2990,2952,
2012/3/30,4609,21,29,2974,2945,
2012/4/5,2321,15,18,2948,2930,
2012/4/6,3250,14,14,2955,2941,
2012/4/9,2947,26,26,2961,2935,
2012/4/10,1223,12,21,2944,2923,
2012/4/11,2755,19,23,3033,3010,
2012/4/12,4373,30,60,3092,3032,
2012/4/13,5906,25,25,3102,3077,
2012/4/16,10533,36,45,3105,3060,
2012/4/17,6823,21,26,3104,3078,
2012/4/18,9582,30,39,3112,3073,
2012/4/19,10745,25,29,3115,3086,
2012/4/20,3657,15,24,3114,3090,
2012/4/23,5166,12,24,3106,3082,
2012/4/24,8264,22,24,3104,3080,
2012/4/25,10569,31,38,3130,3092,
2012/4/26,4928,12,17,3105,3088,
2012/4/27,3827,16,16,3104,3088,
2012/5/2,7105,22,54,3154,3100,
2012/5/3,8316,13,26,3159,3133,
2012/5/4,10708,27,33,3141,3108,
2012/5/7,8885,17,20,3090,3070,
2012/5/8,3491,12,21,3092,3071,
2012/5/9,4822,11,36,3076,3040,
2012/5/10,2764,17,17,3059,3042,
2012/5/11,8169,101,127,3148,3021,
2012/5/14,11284,110,110,3037,2927,
2012/5/15,8133,47,66,2907,2841,
2012/5/16,3616,22,30,2890,2860,
2012/5/17,11686,75,80,2896,2816,
2012/5/18,7720,32,42,2872,2830,
2012/5/21,5320,32,38,2897,2859,
2012/5/22,4739,22,28,2908,2880,
2012/5/23,7627,30,34,2864,2830,
2012/5/24,4419,27,38,2875,2837,
2012/5/25,2343,12,21,2877,2856,
2012/5/28,2283,14,27,2902,2875,
2012/5/29,1745,12,28,2908,2880,
2012/5/30,2672,14,38,2895,2857,
2012/5/31,3040,18,34,2860,2826,
2012/6/1,4017,23,26,2844,2818,
2012/6/4,7288,52,75,2792,2717,
2012/6/5,3469,16,58,2800,2742,
2012/6/6,3162,18,37,2815,2778,
2012/6/7,2967,16,54,2818,2764,
2012/6/8,4382,31,37,2770,2733,
2012/6/11,4211,30,83,2805,2722,
2012/6/12,9412,30,30,2751,2721,
2012/6/13,8615,44,49,2744,2695,
2012/6/14,10545,33,60,2715,2655,
2012/6/15,9149,24,36,2710,2674,
2012/6/18,6304,28,28,2747,2719,
2012/6/19,4089,23,32,2743,2711,
2012/6/20,4606,22,39,2780,2741,
2012/6/21,5417,27,27,2762,2735,
2012/6/25,6019,34,35,2775,2740,
2012/6/26,3031,13,59,2770,2711,
2012/6/27,5984,17,25,2719,2694,
2012/6/28,3748,20,29,2726,2697,
2012/6/29,5731,22,63,2746,2683,
2012/7/2,6102,48,72,2818,2746,
2012/7/3,10265,41,49,2839,2790,
2012/7/4,7413,30,38,2876,2838,
2012/7/5,6549,31,31,2863,2832,
2012/7/6,3446,16,26,2862,2836,
2012/7/9,3121,17,17,2835,2818,
2012/7/10,3913,23,26,2834,2808,
2012/7/11,4297,27,29,2805,2776,
2012/7/12,3479,23,30,2805,2775,
2012/7/13,3650,20,46,2824,2778,
2012/7/16,3420,25,30,2839,2809,
2012/7/17,8173,53,53,2865,2812,
2012/7/18,3140,18,38,2835,2797,
2012/7/19,3073,18,22,2830,2808,
2012/7/20,2183,14,105,2838,2733,
2012/7/23,6548,60,60,2769,2709,
2012/7/24,4169,30,30,2758,2728,
2012/7/25,3121,32,37,2777,2740,
2012/7/26,2897,17,69,2780,2711,
2012/7/27,4242,34,60,2824,2764,
2012/7/30,3351,18,33,2840,2807,
2012/7/31,3996,29,29,2849,2820,
2012/8/1,1576,10,21,2839,2818,
2012/8/2,5115,41,41,2863,2822,
2012/8/3,1348,13,22,2850,2828,
2012/8/6,1646,18,18,2873,2855,
2012/8/7,998,25,29,2895,2866,
2012/8/8,4598,26,42,2865,2823,
2012/8/9,5055,26,35,2843,2808,
2012/8/10,4510,18,52,2833,2781,
2012/8/13,3380,18,25,2795,2770,
2012/8/14,3787,36,80,2783,2703,
2012/8/15,4078,22,41,2779,2738,
2012/8/16,9788,43,43,2754,2711,
2012/8/17,4179,16,21,2755,2734,
2012/8/20,3151,22,37,2757,2720,
2012/8/21,11352,47,47,2730,2683,
2012/8/22,6255,31,36,2722,2686,
2012/8/23,6291,24,24,2737,2713,
2012/8/24,4984,27,45,2729,2684,
2012/8/27,8802,31,39,2730,2691,
2012/8/28,12379,42,42,2748,2706,
2012/8/29,8518,36,104,2739,2635,
2012/8/30,16168,56,89,2692,2603,
2012/8/31,9274,29,37,2659,2622,
2012/9/3,6662,29,29,2677,2648,
2012/9/4,11230,53,78,2684,2606,
2012/9/5,24410,71,81,2613,2532,
2012/9/6,27542,85,85,2650,2565,
2012/9/7,12115,32,93,2706,2613,
2012/9/10,17084,55,55,2726,2671,
2012/9/11,11859,33,37,2718,2681,
2012/9/12,12083,37,39,2745,2706,
2012/9/13,12114,44,44,2733,2689,
2012/9/14,14609,62,62,2814,2752,
2012/9/17,9507,30,54,2842,2788,
2012/9/18,8889,32,38,2829,2791,
2012/9/19,12475,37,39,2842,2803,
2012/9/20,7900,23,34,2809,2775,
2012/9/21,9097,32,32,2804,2772,
2012/9/24,7020,32,32,2785,2753,
2012/9/25,5624,23,48,2821,2773,
2012/9/26,5140,24,37,2807,2770,
2012/9/27,2338,23,43,2799,2756,
2012/9/28,4828,23,26,2815,2789,
2012/10/8,3608,25,36,2824,2788,
2012/10/9,7450,97,97,2803,2706,
2012/10/10,6843,26,105,2868,2763,
2012/10/11,13975,43,43,2858,2815,
2012/10/12,18951,47,47,2890,2843,
2012/10/15,8222,35,64,2855,2791,
2012/10/16,8646,39,39,2827,2788,
2012/10/17,8321,36,36,2848,2812,
2012/10/18,8930,24,27,2857,2830,
2012/10/19,9170,42,47,2852,2805,
2012/10/22,5595,21,36,2819,2783,
2012/10/23,10785,38,38,2843,2805,
2012/10/24,11890,34,42,2820,2778,
2012/10/25,8133,33,33,2831,2798,
2012/10/26,6873,24,32,2830,2798,
2012/10/29,5333,29,54,2829,2775,
2012/10/30,4886,16,50,2833,2783,
2012/10/31,6768,20,20,2835,2815,
2012/11/1,6654,20,25,2845,2820,
2012/11/2,5187,16,24,2836,2812,
2012/11/5,3906,14,27,2815,2788,
2012/11/6,9114,33,33,2810,2777,
2012/11/7,4622,22,24,2817,2793,
2012/11/8,2594,14,17,2798,2781,
2012/11/9,2234,14,34,2805,2771,
2012/11/12,8373,36,40,2770,2730,
2012/11/13,7930,28,41,2731,2690,
2012/11/14,5810,38,38,2728,2690,
2012/11/15,3622,15,31,2735,2704,
2012/11/16,3073,10,17,2723,2706,
2012/11/19,7030,37,38,2718,2680,
2012/11/20,2851,12,27,2734,2707,
2012/11/21,4522,19,19,2723,2704,
2012/11/22,2187,12,12,2730,2718,
2012/11/23,1997,11,19,2740,2721,
2012/11/26,1239,10,22,2756,2734,
2012/11/27,2216,11,11,2751,2740,
2012/11/28,2230,22,22,2757,2735,
2012/11/29,564,8,14,2755,2741,
2012/11/30,2258,23,27,2759,2732,
2012/12/3,1883,27,30,2773,2743,
2012/12/4,565,6,9,2765,2756,
2012/12/5,367,6,15,2778,2763,
2012/12/6,469,12,16,2785,2769,
2012/12/7,396,22,22,2780,2758,
2012/12/10,1783,19,19,2775,2756,
2012/12/11,2842,23,25,2786,2761,
2012/12/12,639,7,8,2770,2762,
2012/12/13,1859,26,26,2768,2742,
2012/12/14,908,17,22,2768,2746,
2012/12/17,1483,22,28,2784,2756,
2012/12/18,1520,12,15,2777,2762,
2012/12/19,987,16,19,2774,2755,
2012/12/20,1030,13,13,2758,2745,
2012/12/21,2149,41,41,2762,2721,
2012/12/24,1592,15,18,2736,2718,
2012/12/25,1672,12,20,2727,2707,
2012/12/26,1157,15,15,2735,2720,
2012/12/27,3058,37,37,2755,2718,
2012/12/28,671,7,12,2735,2723,
2012/12/31,785,8,10,2735,2725,
2013/1/4,3693,50,127,2842,2715,
2013/1/7,3627,13,28,2847,2819,
2013/1/8,13611,62,62,2882,2820,
2013/1/9,3053,22,27,2837,2810,
2013/1/10,4945,39,39,2852,2813,
2013/1/11,1838,18,53,2840,2787,
2013/1/14,1764,19,40,2828,2788,
2013/1/15,2424,21,24,2817,2793,
2013/1/16,1790,14,18,2798,2780,
2013/1/17,7472,44,44,2834,2790,
2013/1/18,14028,82,82,2934,2852,
2013/1/21,14505,53,68,2989,2921,
2013/1/22,6349,23,38,2940,2902,
2013/1/23,10504,26,33,2953,2920,
2013/1/24,7787,34,48,2948,2900,
2013/1/25,3612,18,18,2930,2912,
2013/1/28,7771,26,27,2948,2921,
2013/1/29,3063,10,32,2954,2922,
2013/1/30,12567,45,45,3000,2955,
2013/1/31,5301,40,40,2972,2932,
2013/2/1,3781,23,45,2961,2916,
2013/2/4,3709,16,41,2990,2949,
2013/2/5,3461,28,34,2962,2928,
2013/2/6,15762,65,65,3014,2949,
2013/2/7,4104,32,34,2972,2938,
2013/2/8,2187,18,21,2969,2948,
2013/2/18,6932,39,44,2999,2955,
2013/2/19,12858,43,43,3011,2968,
2013/2/20,3749,24,33,3005,2972,
2013/2/21,9639,47,54,2962,2908,
2013/2/22,2487,25,25,2933,2908,
2013/2/25,4028,44,66,2945,2879,
2013/2/26,4404,18,29,2879,2850,
2013/2/27,2582,24,27,2885,2858,
2013/2/28,1971,15,15,2895,2880,
2013/3/1,1633,24,27,2888,2861,
2013/3/4,1888,40,52,2893,2841,
2013/3/5,1243,12,19,2868,2849,
2013/3/6,1209,15,29,2880,2851,
2013/3/7,2019,23,31,2861,2830,
2013/3/8,1942,25,30,2845,2815,
2013/3/11,1261,10,11,2822,2811,
2013/3/12,938,9,23,2826,2803,
2013/3/13,1037,30,35,2816,2781,
2013/3/14,2004,37,38,2795,2757,
2013/3/15,632,15,26,2815,2789,
2013/3/18,615,25,25,2795,2770,
2013/3/19,273,13,14,2800,2786,
2013/3/20,229,18,36,2808,2772,
2013/3/21,260,6,12,2801,2789,
2013/3/22,149,19,19,2799,2780,
2013/3/25,231,30,30,2802,2772,
2013/3/26,145,9,9,2800,2791,
2013/3/27,196,9,9,2799,2790,
2013/3/28,152,11,11,2789,2778,
2013/3/29,130,15,23,2784,2761,
2013/4/1,1127,18,45,2906,2861,
2013/4/2,2585,36,47,2888,2841,
2013/4/3,633,16,16,2888,2872,
2013/4/8,820,19,50,2900,2850,
2013/4/9,845,24,32,2897,2865,
2013/4/10,709,12,18,2888,2870,
2013/4/11,1342,19,29,2899,2870,
2013/4/12,620,15,20,2880,2860,
2013/4/15,1203,17,32,2847,2815,
2013/4/16,1733,29,53,2815,2762,
2013/4/17,778,13,34,2814,2780,
2013/4/18,1558,32,50,2793,2743,
2013/4/19,666,17,20,2802,2782,
2013/4/22,717,20,20,2795,2775,
2013/4/23,462,10,29,2785,2756,
2013/4/24,445,18,33,2795,2762,
2013/4/25,816,21,21,2785,2764,
2013/4/26,571,13,19,2786,2767,
2013/5/2,1140,12,17,2772,2755,
2013/5/3,732,22,29,2795,2766,
2013/5/6,1879,23,23,2830,2807,
2013/5/7,689,20,20,2822,2802,
2013/5/8,785,18,21,2820,2799,
2013/5/9,324,14,26,2827,2801,
2013/5/10,486,10,22,2817,2795,
2013/5/13,562,14,16,2820,2804,
2013/5/14,281,10,17,2821,2804,
2013/5/15,337,22,41,2817,2776,
2013/5/16,2618,46,46,2761,2715,
2013/5/17,643,12,24,2748,2724,
2013/5/20,661,14,20,2748,2728,
2013/5/21,578,15,18,2748,2730,
2013/5/22,439,13,17,2744,2727,
2013/5/23,825,22,36,2732,2696,
2013/5/24,451,11,18,2712,2694,
2013/5/27,869,13,14,2700,2686,
2013/5/28,203,7,18,2705,2687,
2013/5/29,422,6,25,2710,2685,
2013/5/30,619,21,21,2689,2668,
2013/5/31,599,18,29,2709,2680,
2013/6/3,557,15,15,2688,2673,
2013/6/4,338,13,26,2688,2662,
2013/6/5,573,13,13,2678,2665,
2013/6/6,478,9,40,2670,2630,
2013/6/7,426,9,35,2655,2620,
2013/6/13,518,14,14,2623,2609,
2013/6/14,234,17,19,2630,2611,
2013/6/17,747,28,28,2655,2627,
2013/6/18,122,6,13,2645,2632,
2013/6/19,356,7,20,2640,2620,
2013/6/20,193,11,13,2622,2609,
2013/6/21,709,23,28,2620,2592,
2013/6/24,729,20,24,2620,2596,
2013/6/25,136,12,14,2606,2592,
2013/6/26,90,6,19,2604,2585,
2013/6/27,116,9,16,2598,2582,
2013/6/28,103,13,13,2599,2586,
2013/7/1,521,21,25,2610,2585,
2013/7/2,252,12,12,2605,2593,
2013/7/3,495,11,12,2607,2595,
2013/7/4,180,9,9,2602,2593,
2013/7/5,128,8,14,2599,2585,
2013/7/8,189,16,16,2589,2573,
2013/7/9,153,6,51,2635,2584,
2013/7/10,542,20,21,2639,2618,
2013/7/11,360,10,48,2674,2626,
2013/7/12,192,7,24,2658,2634,
2013/7/15,510,30,30,2641,2611,
2013/7/16,182,15,18,2633,2615,
2013/7/17,187,10,39,2669,2630,
2013/7/18,126,12,27,2668,2641,
2013/7/19,326,14,20,2680,2660,
2013/7/22,264,24,24,2677,2653,
2013/7/23,258,17,19,2669,2650,
2013/7/24,194,14,14,2672,2658,
2013/7/25,141,5,14,2675,2661,
2013/7/26,624,23,24,2701,2677,
2013/7/29,506,20,40,2728,2688,
2013/7/30,467,17,62,2786,2724,
2013/7/31,1505,26,35,2797,2762,
2013/8/1,1079,35,35,2786,2751,
2013/8/2,642,17,45,2785,2740,
2013/8/5,370,25,25,2770,2745,
2013/8/6,1298,44,44,2805,2761,
2013/8/7,1078,39,45,2767,2722,
2013/8/8,784,24,40,2752,2712,
2013/8/9,389,22,22,2765,2743,
2013/8/12,345,24,24,2780,2756,
2013/8/13,348,27,31,2798,2767,
2013/8/14,116,12,12,2788,2776,
2013/8/15,169,21,34,2810,2776,
2013/8/16,321,31,58,2876,2818,
2013/8/19,370,15,25,2920,2895,
2013/8/20,769,32,55,2898,2843,
2013/8/21,245,21,38,2864,2826,
2013/8/22,827,26,30,2860,2830,
2013/8/23,444,36,36,2841,2805,
2013/8/26,1012,33,42,2866,2824,
2013/8/27,279,18,42,2857,2815,
2013/8/28,775,18,74,2899,2825,
2013/8/29,874,34,34,2829,2795,
2013/8/30,388,14,19,2815,2796,
2013/9/2,282,18,26,2828,2802,
2013/9/3,237,12,24,2828,2804,
2013/9/4,215,9,11,2816,2805,
2013/9/5,121,13,27,2827,2800,
2013/9/6,375,26,35,2847,2812,
2013/9/9,369,17,18,2843,2825,
2013/9/10,663,23,41,2872,2831,
2013/9/11,670,17,29,2890,2861,
2013/9/12,328,16,16,2877,2861,
2013/9/13,355,14,23,2874,2851,
2013/9/16,387,19,39,2879,2840,
2013/9/17,282,26,34,2863,2829,
2013/9/18,745,28,37,2894,2857,
2013/9/23,1676,53,69,2955,2886,
2013/9/24,832,21,26,2957,2931,
2013/9/25,1344,28,30,2938,2908,
2013/9/26,1027,21,22,2949,2927,
2013/9/27,503,15,21,2929,2908,
2013/9/30,538,26,69,2917,2848,
2013/10/8,528,25,26,2858,2832,
2013/10/9,509,13,30,2848,2818,
2013/10/10,306,12,20,2830,2810,
2013/10/11,565,20,29,2842,2813,
2013/10/14,672,17,25,2825,2800,
2013/10/15,701,13,18,2837,2819,
2013/10/16,145,7,7,2827,2820,
2013/10/17,193,25,32,2845,2813,
2013/10/18,275,10,12,2820,2808,
2013/10/21,153,12,12,2821,2809,
2013/10/22,889,48,69,2816,2747,
2013/10/23,528,16,25,2768,2743,
2013/10/24,791,47,47,2794,2747,
2013/10/25,125,7,37,2787,2750,
2013/10/28,277,37,37,2801,2764,
2013/10/29,524,23,27,2819,2792,
2013/10/30,161,12,40,2846,2806,
2013/10/31,243,11,11,2847,2836,
2013/11/1,661,32,40,2850,2810,
2013/11/4,192,20,20,2849,2829,
2013/11/5,256,18,46,2878,2832,
2013/11/6,278,13,18,2881,2863,
2013/11/7,139,7,15,2873,2858,
2013/11/8,158,12,25,2860,2835,
2013/11/11,522,29,50,2894,2844,
2013/11/12,851,21,27,2904,2877,
2013/11/13,227,12,12,2903,2891,
2013/11/14,344,12,49,2944,2895,
2013/11/15,909,15,34,2955,2921,
2013/11/18,2134,47,61,2990,2929,
2013/11/19,1169,11,22,2994,2972,
2013/11/20,2544,33,42,3032,2990,
2013/11/21,2208,28,31,3049,3018,
2013/11/22,2375,32,109,3153,3044,
2013/11/25,9522,46,47,3175,3128,
2013/11/26,3884,37,37,3151,3114,
2013/11/27,7126,51,51,3175,3124,
2013/11/28,2417,21,22,3156,3134,
2013/11/29,3289,25,37,3154,3117,
2013/12/2,3602,37,44,3177,3133,
2013/12/3,6460,47,123,3282,3159,
2013/12/4,12893,36,36,3308,3272,
2013/12/5,7087,25,48,3336,3288,
2013/12/6,6847,21,119,3444,3325,
2013/12/9,19615,68,135,3595,3460,
2013/12/10,46089,59,70,3404,3334,
2013/12/11,68080,128,136,3364,3228,
2013/12/12,52227,65,78,3290,3212,
2013/12/13,67510,61,70,3266,3196,
2013/12/16,31765,46,116,3252,3136,
2013/12/17,41227,37,77,3167,3090,
2013/12/18,49333,28,50,3115,3065,
2013/12/19,28771,28,39,3125,3086,
2013/12/20,20322,21,57,3106,3049,
2013/12/23,17252,30,64,3095,3031,
2013/12/24,17638,21,41,3054,3013,
2013/12/25,19434,22,36,3063,3027,
2013/12/26,16394,32,52,3068,3016,
2013/12/27,17333,23,33,3028,2995,
2013/12/30,16573,34,35,3022,2987,
2013/12/31,24803,50,50,3045,2995,
2014/1/2,29544,75,92,2995,2903,
2014/1/3,19480,34,41,2910,2869,
2014/1/6,24246,55,55,2920,2865,
2014/1/7,10066,15,19,2890,2871,
2014/1/8,7326,27,40,2905,2865,
2014/1/9,18436,38,45,2930,2885,
2014/1/10,13553,47,56,2926,2870,
2014/1/13,17914,38,39,2958,2919,
2014/1/14,9943,21,43,2971,2928,
2014/1/15,9083,32,32,2982,2950,
2014/1/16,7531,26,28,2979,2951,
2014/1/17,25108,70,70,2951,2881,
2014/1/20,8488,24,48,2948,2900,
2014/1/21,7740,30,32,2945,2913,
2014/1/22,10411,20,24,2952,2928,
2014/1/23,8145,30,34,2940,2906,
2014/1/24,3684,16,36,2954,2918,
2014/1/27,5265,21,28,2965,2937,
2014/1/28,3024,22,40,2950,2910,
2014/1/29,4441,33,47,2946,2899,
2014/1/30,1224,13,21,2947,2926,
2014/2/7,1556,18,18,2954,2936,
2014/2/10,9456,37,103,3062,2959,
2014/2/11,42884,51,82,3122,3040,
2014/2/12,17407,45,59,3087,3028,
2014/2/13,8085,24,37,3075,3038,
2014/2/14,8822,24,30,3071,3041,
2014/2/17,15167,43,43,3109,3066,
2014/2/18,10471,23,85,3095,3010,
2014/2/19,9839,28,30,3047,3017,
2014/2/20,20416,47,47,3033,2986,
2014/2/21,7512,23,50,3015,2965,
2014/2/24,21070,83,83,2956,2873,
2014/2/25,18706,39,98,2843,2745,
2014/2/26,11350,26,71,2798,2727,
2014/2/27,14656,44,44,2782,2738,
2014/2/28,8905,27,27,2778,2751,
2014/3/3,17210,74,74,2774,2700,
2014/3/4,21825,55,72,2778,2706,
2014/3/5,17354,55,55,2800,2745,
2014/3/6,8447,23,23,2784,2761,
2014/3/7,7675,20,62,2786,2724,
2014/3/10,11586,89,89,2734,2645,
2014/3/11,9852,32,85,2783,2698,
2014/3/12,10088,42,53,2744,2691,
2014/3/13,20126,57,64,2704,2640,
2014/3/14,16669,54,58,2682,2624,
2014/3/17,12391,32,37,2623,2586,
2014/3/18,14320,25,50,2610,2560,
2014/3/19,8494,26,41,2606,2565,
2014/3/20,12354,40,40,2586,2546,
2014/3/21,6079,18,23,2560,2537,
2014/3/24,9788,63,63,2600,2537,
2014/3/25,4957,27,91,2659,2568,
2014/3/26,5283,26,37,2641,2604,
2014/3/27,3136,19,44,2659,2615,
2014/3/28,2875,23,28,2645,2617,
2014/3/31,10550,57,81,2742,2661,
2014/4/1,3556,25,25,2737,2712,
2014/4/2,7478,72,72,2732,2660,
2014/4/3,2994,27,34,2696,2662,
2014/4/4,4884,34,56,2806,2750,
2014/4/8,5751,42,61,2823,2762,
2014/4/9,5717,23,73,2779,2706,
2014/4/10,13078,35,52,2736,2684,
2014/4/11,9627,27,37,2730,2693,
2014/4/14,8491,28,31,2694,2663,
2014/4/15,5392,17,25,2698,2673,
2014/4/16,6709,30,30,2691,2661,
2014/4/17,6479,19,22,2686,2664,
2014/4/18,11020,34,51,2707,2656,
2014/4/21,28095,56,56,2761,2705,
2014/4/22,7886,22,72,2755,2683,
2014/4/23,9559,25,27,2707,2680,
2014/4/24,17829,44,64,2765,2701,
2014/4/25,14746,36,43,2778,2735,
2014/4/28,10384,34,34,2750,2716,
2014/4/29,13989,43,43,2750,2707,
2014/4/30,7014,23,35,2740,2705,
2014/5/5,10188,30,40,2720,2680,
2014/5/6,10566,20,32,2685,2653,
2014/5/7,12561,19,30,2665,2635,
2014/5/8,8684,18,31,2668,2637,
2014/5/9,7860,18,24,2650,2626,
2014/5/12,10602,24,26,2676,2650,
2014/5/13,7706,18,20,2672,2652,
2014/5/14,9012,24,32,2685,2653,
2014/5/15,10461,25,30,2662,2632,
2014/5/16,15545,35,70,2639,2569,
2014/5/19,5574,17,38,2622,2584,
2014/5/20,6032,26,59,2630,2571,
2014/5/21,9020,26,28,2588,2560,
2014/5/22,8366,16,26,2598,2572,
2014/5/23,5957,19,19,2584,2565,
2014/5/26,14877,34,41,2622,2581,
2014/5/27,8967,27,48,2635,2587,
2014/5/28,12639,22,33,2638,2605,
2014/5/29,9296,30,30,2615,2585,
2014/5/30,4433,18,28,2613,2585,
2014/6/3,11677,31,31,2620,2589,
2014/6/4,10905,26,58,2606,2548,
2014/6/5,10106,15,28,2570,2542,
2014/6/6,6169,15,27,2573,2546,
2014/6/9,8699,15,21,2559,2538,
2014/6/10,8162,17,21,2552,2531,
2014/6/11,7902,15,28,2568,2540,
2014/6/12,10233,17,25,2579,2554,
2014/6/13,43778,77,84,2669,2585,
2014/6/16,33386,44,44,2691,2647,
2014/6/17,65391,84,84,2735,2651,
2014/6/18,26826,44,44,2700,2656,
2014/6/19,23083,28,48,2714,2666,
2014/6/20,11935,18,34,2686,2652,
2014/6/23,22521,49,49,2714,2665,
2014/6/24,9211,21,50,2713,2663,
2014/6/25,11699,19,41,2724,2683,
2014/6/26,36801,46,55,2760,2705,
2014/6/27,18676,21,40,2762,2722,
2014/6/30,11805,21,25,2731,2706,
2014/7/1,11413,25,53,2726,2673,
2014/7/2,11447,26,79,2689,2610,
2014/7/3,8339,19,28,2668,2640,
2014/7/4,5447,14,22,2657,2635,
2014/7/7,12630,36,58,2685,2627,
2014/7/8,19732,27,32,2698,2666,
2014/7/9,9231,22,35,2676,2641,
2014/7/10,8797,12,27,2650,2623,
2014/7/11,14281,36,46,2642,2596,
2014/7/14,8480,19,23,2611,2588,
2014/7/15,7356,19,21,2620,2599,
2014/7/16,5628,17,25,2607,2582,
2014/7/17,23801,58,58,2634,2576,
2014/7/18,9347,27,41,2628,2587,
2014/7/21,4860,15,27,2592,2565,
2014/7/22,9285,27,32,2587,2555,
2014/7/23,7878,28,28,2599,2571,
2014/7/24,3586,12,25,2597,2572,
2014/7/25,3126,15,20,2593,2573,
2014/7/28,7370,32,57,2640,2583,
2014/7/29,10630,22,24,2856,2832,
2014/7/30,10722,29,39,2851,2812,
2014/7/31,14895,26,37,2859,2822,
2014/8/1,273,22,31,2912,2881,
2014/8/4,199,23,31,2906,2875,
2014/8/5,200,18,19,2919,2900,
2014/8/6,239,70,70,2901,2831,
2014/8/7,258,46,47,2930,2883,
2014/8/8,202,22,54,2937,2883,
2014/8/11,352,34,40,2956,2916,
2014/8/12,193,24,36,2937,2901,
2014/8/13,1081,79,79,3012,2933,
2014/8/14,444,27,29,2999,2970,
2014/8/15,401,40,40,2998,2958,
2014/8/18,302,19,25,2986,2961,
2014/8/19,177,12,27,2997,2970,
2014/8/20,223,22,24,2987,2963,
2014/8/21,285,18,24,2984,2960,
2014/8/22,180,11,30,2970,2940,
2014/8/25,475,37,55,2945,2890,
2014/8/26,858,37,57,2889,2832,
2014/8/27,806,34,34,2874,2840,
2014/8/28,470,28,37,2873,2836,
2014/8/29,1315,50,50,2843,2793,
2014/9/1,552,41,41,2866,2825,
2014/9/2,1394,111,112,2961,2849,
2014/9/3,626,24,33,2869,2836,
2014/9/4,529,25,25,2880,2855,
2014/9/5,317,21,21,2866,2845,
2014/9/9,265,17,25,2867,2842,
2014/9/10,948,37,56,2878,2822,
2014/9/11,427,21,21,2866,2845,
2014/9/12,153,8,46,2861,2815,
2014/9/15,1557,49,57,2868,2811,
2014/9/16,999,26,35,2907,2872,
2014/9/17,1502,22,29,2919,2890,
2014/9/18,750,21,23,2917,2894,
2014/9/19,912,22,30,2928,2898,
2014/9/22,1146,31,44,2941,2897,
2014/9/23,953,17,74,2929,2855,
2014/9/24,893,25,47,2890,2843,
2014/9/25,801,24,24,2885,2861,
2014/9/26,470,12,19,2876,2857,
2014/9/29,819,13,15,2860,2845,
2014/9/30,430,22,43,2896,2853,
2014/10/8,716,31,38,2871,2833,
2014/10/9,647,30,50,2850,2800,
2014/10/10,1822,54,92,2826,2734,
2014/10/13,1710,31,31,2780,2749,
2014/10/14,1033,30,50,2788,2738,
2014/10/15,949,35,61,2804,2743,
2014/10/16,1828,23,29,2786,2757,
2014/10/17,621,35,57,2801,2744,
2014/10/20,4248,34,56,2753,2697,
2014/10/21,2963,39,44,2744,2700,
2014/10/22,1482,17,30,2757,2727,
2014/10/23,942,29,55,2775,2720,
2014/10/24,1434,28,35,2792,2757,
2014/10/27,2575,27,46,2798,2752,
2014/10/28,1835,17,19,2777,2758,
2014/10/29,1296,16,16,2783,2767,
2014/10/30,2163,40,50,2830,2780,
2014/10/31,2614,22,26,2776,2750,
2014/11/3,2762,33,64,2768,2704,
2014/11/4,2834,30,38,2717,2679,
2014/11/5,3492,55,55,2711,2656,
2014/11/6,2236,31,85,2677,2592,
2014/11/7,5400,39,39,2624,2585,
2014/11/10,4138,34,43,2639,2596,
2014/11/11,4491,40,40,2653,2613,
2014/11/12,5215,37,41,2683,2642,
2014/11/13,5441,100,100,2760,2660,
2014/11/14,2399,21,22,2675,2653,
2014/11/17,5537,31,66,2699,2633,
2014/11/18,3581,24,27,2655,2628,
2014/11/19,2085,17,55,2689,2634,
2014/11/20,19874,52,70,2723,2653,
2014/11/21,16666,44,45,2711,2666,
2014/11/24,12005,51,51,2692,2641,
2014/11/25,7495,31,41,2665,2624,
2014/11/26,21367,57,71,2667,2596,
2014/11/27,19349,59,59,2612,2553,
2014/11/28,10998,44,44,2564,2520,
2014/12/1,12957,45,45,2505,2460,
2014/12/2,18014,46,68,2551,2483,
2014/12/3,10253,29,42,2516,2474,
2014/12/4,18111,40,108,2543,2435,
2014/12/5,15351,36,44,2482,2438,
2014/12/8,31941,52,75,2429,2354,
2014/12/9,31755,40,61,2348,2287,
2014/12/10,45275,61,61,2365,2304,
2014/12/11,38317,45,45,2345,2300,
2014/12/12,48666,30,60,2335,2275,
2014/12/15,107082,74,74,2336,2262,
2014/12/16,73760,29,56,2262,2206,
2014/12/17,139222,36,36,2186,2150,
2014/12/18,131697,38,38,2053,2015,
2014/12/19,212587,82,87,2098,2011,
2014/12/22,92184,31,75,2098,2023,
2014/12/23,92486,16,69,2046,1977,
2014/12/24,130033,21,90,2095,2005,
2014/12/25,185139,27,27,2088,2061,
2014/12/26,166752,30,32,2112,2080,
2014/12/29,73027,24,29,2067,2038,
2014/12/30,268956,53,63,2088,2025,
2014/12/31,124718,21,33,2074,2041,
2015/1/5,111916,28,55,2056,2001,
2015/1/6,153198,24,48,2041,1993,
2015/1/7,166321,21,41,2041,2000,
2015/1/8,85811,11,20,2043,2023,
2015/1/9,211860,29,29,2035,2006,
2015/1/12,391707,59,71,2015,1944,
2015/1/13,215600,33,36,1933,1897,
2015/1/14,280514,31,49,1956,1907,
2015/1/15,200168,22,25,1967,1942,
2015/1/16,175602,23,48,1988,1940,
2015/1/19,239549,23,23,2017,1994,
2015/1/20,153469,18,31,2012,1981,
2015/1/21,415477,71,71,2075,2004,
2015/1/22,153951,24,39,2076,2037,
2015/1/23,122559,16,25,2058,2033,
2015/1/26,214317,28,37,2040,2003,
2015/1/27,123914,22,25,2044,2019,
2015/1/28,83346,11,56,2087,2031,
2015/1/29,131136,20,22,2074,2052,
2015/1/30,186447,29,34,2064,2030,
2015/2/2,324721,41,41,2109,2068,
2015/2/3,230650,25,57,2138,2081,
2015/2/4,354996,46,52,2180,2128,
2015/2/5,178409,24,24,2133,2109,
2015/2/6,182979,19,24,2171,2147,
2015/2/9,160086,22,25,2157,2132,
2015/2/10,141703,18,27,2151,2124,
2015/2/11,106416,15,23,2139,2116,
2015/2/12,101804,14,33,2163,2130,
2015/2/13,249035,28,57,2227,2170,
2015/2/16,210362,46,46,2268,2222,
2015/2/17,97488,19,28,2252,2224,
2015/2/25,110233,17,91,2291,2200,
2015/2/26,248209,27,66,2348,2282,
2015/2/27,256516,21,44,2365,2321,
2015/3/2,435752,38,50,2437,2387,
2015/3/3,745590,96,120,2528,2408,
2015/3/4,559888,52,53,2424,2371,
2015/3/5,629063,43,81,2451,2370,
2015/3/6,620889,28,53,2469,2416,
2015/3/9,593090,35,112,2483,2371,
2015/3/10,793784,43,58,2471,2413,
2015/3/11,646086,25,46,2443,2397,
2015/3/12,553151,28,68,2476,2408,
2015/3/13,522451,22,43,2477,2434,
2015/3/16,700055,39,43,2446,2403,
2015/3/17,1014207,59,77,2443,2366,
2015/3/18,428827,25,78,2396,2318,
2015/3/19,686759,30,58,2373,2315,
2015/3/20,580988,31,37,2358,2321,
2015/3/23,616588,49,49,2362,2313,
2015/3/24,495590,34,51,2435,2384,
2015/3/25,251471,25,40,2428,2388,
2015/3/26,407218,37,43,2444,2401,
2015/3/27,485427,50,72,2429,2357,
2015/3/30,294715,26,32,2385,2353,
2015/3/31,303156,27,29,2416,2387,
2015/4/1,302017,31,43,2417,2374,
2015/4/2,264877,18,54,2485,2431,
2015/4/3,293994,36,61,2443,2382,
2015/4/7,280108,21,21,2444,2423,
2015/4/8,217473,20,40,2448,2408,
2015/4/9,209755,22,41,2418,2377,
2015/4/10,134561,21,42,2412,2370,
2015/4/13,149860,29,42,2439,2397,
2015/4/14,75846,16,27,2422,2395,
2015/4/15,97887,15,20,2436,2416,
2015/4/16,182290,52,52,2522,2470,
2015/4/17,214921,24,70,2582,2512,
2015/4/20,473593,58,58,2612,2554,
2015/4/21,222190,19,59,2597,2538,
2015/4/22,221041,16,36,2554,2518,
2015/4/23,235799,19,33,2556,2523,
2015/4/24,254018,26,33,2583,2550,
2015/4/27,310043,44,55,2610,2555,
2015/4/28,307824,35,53,2631,2578,
2015/4/29,301265,32,66,2593,2527,
2015/4/30,233355,20,25,2583,2558,
2015/5/4,241891,42,50,2586,2536,
2015/5/5,255851,25,25,2578,2553,
2015/5/6,312877,29,29,2606,2577,
2015/5/7,217872,17,22,2555,2533,
2015/5/8,254730,21,38,2520,2482,
2015/5/11,205713,29,31,2527,2496,
2015/5/12,233743,21,21,2509,2488,
2015/5/13,166786,11,26,2523,2497,
2015/5/14,154481,15,37,2493,2456,
2015/5/15,106644,11,27,2512,2485,
2015/5/18,137812,17,19,2498,2479,
2015/5/19,175177,29,43,2480,2437,
2015/5/20,268027,31,33,2435,2402,
2015/5/21,147266,17,40,2468,2428,
2015/5/22,189296,25,30,2481,2451,
2015/5/25,147466,19,32,2467,2435,
2015/5/26,196153,33,51,2508,2457,
2015/5/27,158233,22,22,2468,2446,
2015/5/28,141536,21,33,2474,2441,
2015/5/29,185059,14,31,2493,2462,
2015/6/1,159095,28,33,2499,2466,
2015/6/2,78171,14,28,2479,2451,
2015/6/3,126429,16,44,2489,2445,
2015/6/4,255935,37,39,2455,2416,
2015/6/5,93391,16,20,2449,2429,
2015/6/8,83293,13,22,2455,2433,
2015/6/9,59174,7,31,2473,2442,
2015/6/10,64067,8,21,2485,2464,
2015/6/11,121557,18,24,2462,2438,
2015/6/12,122184,17,17,2450,2433,
2015/6/15,95353,14,26,2467,2441,
2015/6/16,307117,51,60,2532,2472,
2015/6/17,178610,32,37,2528,2491,
2015/6/18,184590,16,20,2506,2486,
2015/6/19,126227,12,22,2523,2501,
2015/6/23,173478,31,43,2519,2476,
2015/6/24,136966,21,26,2515,2489,
2015/6/25,90504,10,15,2511,2496,
2015/6/26,97305,10,28,2524,2496,
2015/6/29,149452,21,27,2510,2483,
2015/6/30,207770,29,69,2505,2436,
2015/7/1,101043,17,19,2498,2479,
2015/7/2,95015,18,38,2505,2467,
2015/7/3,80336,14,24,2494,2470,
2015/7/6,160644,23,42,2471,2429,
2015/7/7,211349,46,89,2444,2355,
2015/7/8,88750,28,28,2262,2234,
2015/7/9,166636,59,111,2400,2289,
2015/7/10,129969,40,52,2387,2335,
2015/7/13,128526,26,45,2377,2332,
2015/7/14,89422,15,66,2368,2302,
2015/7/15,131828,20,43,2347,2304,
2015/7/16,139619,32,38,2312,2274,
2015/7/17,96608,23,24,2305,2281,
2015/7/20,85432,22,25,2318,2293,
2015/7/21,74747,15,40,2308,2268,
2015/7/22,75826,10,24,2311,2287,
2015/7/23,169753,30,30,2301,2271,
2015/7/24,121302,31,42,2292,2250,
2015/7/27,192944,67,67,2251,2184,
2015/7/28,98939,39,74,2177,2103,
2015/7/29,86994,26,59,2194,2135,
2015/7/30,65454,14,39,2178,2139,
2015/7/31,40236,13,15,2150,2135,
2015/8/3,175430,56,56,2137,2081,
2015/8/4,261724,60,60,2065,2005,
2015/8/5,134345,20,33,2079,2046,
2015/8/6,224754,28,30,2038,2008,
2015/8/7,140899,21,46,2030,1984,
2015/8/10,138490,18,48,2054,2006,
2015/8/11,403478,31,35,2109,2074,
2015/8/12,226451,25,38,2101,2063,
2015/8/13,181537,40,81,2160,2079,
2015/8/14,186802,26,47,2146,2099,
2015/8/17,285355,40,44,2121,2077,
2015/8/18,183253,18,62,2099,2037,
2015/8/19,168163,16,24,2062,2038,
2015/8/20,245818,22,22,2038,2016,
2015/8/21,238826,22,26,2052,2026,
2015/8/24,338201,59,59,2016,1957,
2015/8/25,223576,58,91,1954,1863,
2015/8/26,461292,61,61,1921,1860,
2015/8/27,392279,40,51,1936,1885,
2015/8/28,28973,5,5,1980,1975,
2015/8/31,232193,20,56,1966,1910,
2015/9/1,401511,28,40,1964,1924,
2015/9/2,323696,38,43,1925,1882,
2015/9/7,363675,41,43,1942,1899,
2015/9/8,224575,13,25,1927,1902,
2015/9/9,258185,13,43,1973,1930,
2015/9/10,255337,10,29,1946,1917,
2015/9/11,214253,15,26,1972,1946,
2015/9/14,227104,14,44,1952,1908,
2015/9/15,200172,8,25,1927,1902,
2015/9/16,202731,20,27,1938,1911,
2015/9/17,204036,13,22,1960,1938,
2015/9/18,228848,12,26,1960,1934,
2015/9/21,273766,23,34,1951,1917,
2015/9/22,207944,19,40,1984,1944,
2015/9/23,690149,40,41,2003,1962,
2015/9/24,296069,16,19,1992,1973,
2015/9/25,171130,13,31,1984,1953,
2015/9/28,216501,15,18,1966,1948,
2015/9/29,169332,16,31,1927,1896,
2015/9/30,104937,11,15,1924,1909,
2015/10/8,261308,72,72,2030,1958,
2015/10/9,161231,11,77,2061,1984,
2015/10/12,183256,25,33,2045,2012,
2015/10/13,158584,13,24,2028,2004,
2015/10/14,119721,10,20,2025,2005,
2015/10/15,97812,9,24,2020,1996,
2015/10/16,166797,13,29,1991,1962,
2015/10/19,116672,13,31,1978,1947,
2015/10/20,112824,11,15,1942,1927,
2015/10/21,143850,16,22,1938,1916,
2015/10/22,104856,9,18,1939,1921,
2015/10/23,254273,24,61,1926,1865,
2015/10/26,142365,11,15,1892,1877,
2015/10/27,215470,21,36,1887,1851,
2015/10/28,103473,12,20,1884,1864,
2015/10/29,155285,18,31,1906,1875,
2015/10/30,195886,24,32,1879,1847,
2015/11/2,261921,33,39,1889,1850,
2015/11/3,103965,11,20,1884,1864,
2015/11/4,269844,27,31,1914,1883,
2015/11/5,146210,9,17,1903,1886,
2015/11/6,125224,16,37,1915,1878,
2015/11/9,156921,21,29,1927,1898,
2015/11/10,129083,14,23,1905,1882,
2015/11/11,129743,14,33,1899,1866,
2015/11/12,91653,9,22,1893,1871,
2015/11/13,162152,17,19,1920,1901,
2015/11/16,147874,22,38,1925,1887,
2015/11/17,140739,14,23,1905,1882,
2015/11/18,590781,102,102,1906,1804,
2015/11/19,189135,24,30,1858,1828,
2015/11/20,101221,16,58,1851,1793,
2015/11/23,221605,35,82,1813,1731,
2015/11/24,182159,37,68,1816,1748,
2015/11/25,132679,31,44,1843,1799,
2015/11/26,209594,60,67,1885,1818,
2015/11/27,80923,19,30,1860,1830,
2015/11/30,182258,30,39,1661,1622,
2015/12/1,277193,42,54,1695,1641,
2015/12/2,180518,18,37,1703,1666,
2015/12/3,170393,12,19,1652,1633,
2015/12/4,193804,31,32,1649,1617,
2015/12/7,239120,36,45,1663,1618,
2015/12/8,328718,37,50,1642,1592,
2015/12/9,124462,15,20,1633,1613,
2015/12/10,171421,18,22,1627,1605,
2015/12/11,106015,10,31,1654,1623,
2015/12/14,173183,20,45,1668,1623,
2015/12/15,148801,16,34,1690,1656,
2015/12/16,110286,15,15,1675,1660,
2015/12/17,198733,21,36,1686,1650,
2015/12/18,104388,14,34,1674,1640,
2015/12/21,151722,18,30,1695,1665,
2015/12/22,144640,14,23,1696,1673,
2015/12/23,215553,28,29,1704,1675,
2015/12/24,223105,19,22,1726,1704,
2015/12/25,116743,13,13,1719,1706,
2015/12/28,220147,31,37,1716,1679,
2015/12/29,93122,12,48,1731,1683,
2015/12/30,166858,16,19,1743,1724,
2015/12/31,71096,9,25,1753,1728,
2016/1/4,245908,53,57,1765,1708,
2016/1/5,142492,15,24,1746,1722,
2016/1/6,202110,22,22,1757,1735,
2016/1/7,255979,26,28,1747,1719,
2016/1/8,190792,13,28,1773,1745,
2016/1/11,287231,23,41,1756,1715,
2016/1/12,258355,23,25,1729,1704,
2016/1/13,161291,17,32,1724,1692,
2016/1/14,150164,14,29,1723,1694,
2016/1/15,141577,16,20,1728,1708,
2016/1/18,251506,35,47,1751,1704,
2016/1/19,189883,23,32,1781,1749,
2016/1/20,134171,10,20,1767,1747,
2016/1/21,202452,25,27,1778,1751,
2016/1/22,183491,17,38,1786,1748,
2016/1/25,248552,25,25,1766,1741,
2016/1/26,163020,21,21,1760,1739,
2016/1/27,155477,14,33,1776,1743,
2016/1/28,114390,11,17,1767,1750,
2016/1/29,135121,15,19,1762,1743,
2016/2/1,84486,13,17,1764,1747,
2016/2/2,127236,19,33,1758,1725,
2016/2/3,54640,6,26,1770,1744,
2016/2/4,227352,32,42,1802,1760,
2016/2/5,61299,10,14,1795,1781,
2016/2/15,153501,41,55,1834,1779,
2016/2/16,124577,15,17,1837,1820,
2016/2/17,94117,15,27,1842,1815,
2016/2/18,120334,10,12,1836,1824,
2016/2/19,135091,15,28,1864,1836,
2016/2/22,149244,26,53,1896,1843,
2016/2/23,113726,19,20,1861,1841,
2016/2/24,116031,21,38,1858,1820,
2016/2/25,187738,18,31,1832,1801,
2016/2/26,128077,16,21,1792,1771,
2016/2/29,119485,15,28,1790,1762,
2016/3/1,137881,11,46,1824,1778,
2016/3/2,78371,11,39,1841,1802,
2016/3/3,149112,15,62,1839,1777,
2016/3/4,301993,38,55,1830,1775,
2016/3/7,256379,17,20,1890,1870,
2016/3/8,300395,54,92,1924,1832,
2016/3/9,357660,62,122,1984,1862,
2016/3/10,288418,49,68,1975,1907,
2016/3/11,130289,21,26,1932,1906,
2016/3/14,166154,24,32,1947,1915,
2016/3/15,78613,12,27,1927,1900,
2016/3/16,104063,17,26,1933,1907,
2016/3/17,104762,18,25,1960,1935,
2016/3/18,255013,56,66,2035,1969,
2016/3/21,107434,14,54,2045,1991,
2016/3/22,258294,63,65,2061,1996,
2016/3/23,92771,23,50,2031,1981,
2016/3/24,79615,20,67,1985,1918,
2016/3/25,73538,23,47,1949,1902,
2016/3/28,99541,23,50,1945,1895,
2016/3/29,85912,26,26,1908,1882,
2016/3/30,60912,15,28,1905,1877,
2016/3/31,70311,15,26,1890,1864,
2016/4/1,61696,19,19,1888,1869,
2016/4/5,108120,36,36,1866,1830,
2016/4/6,53733,18,26,1867,1841,
2016/4/7,22709,8,15,1863,1848,
2016/4/8,56994,16,20,1909,1889,
2016/4/11,108921,31,93,1948,1855,
2016/4/12,112705,25,25,1890,1865,
2016/4/13,223866,54,57,1971,1914,
2016/4/14,76351,17,64,1989,1925,
2016/4/15,97903,24,37,1981,1944,
2016/4/18,179625,47,53,1978,1925,
2016/4/19,134032,27,62,2000,1938,
2016/4/20,170024,28,49,1995,1946,
2016/4/21,311070,58,82,2073,1991,
2016/4/22,126411,36,42,2025,1983,
2016/4/25,148340,40,77,2060,1983,
2016/4/26,168398,59,59,2072,2013,
2016/4/27,192306,35,60,2090,2030,
2016/4/28,114185,20,40,2056,2016,
2016/4/29,116991,22,23,2061,2038,
2016/5/3,139392,43,58,2048,1990,
2016/5/4,58058,16,21,2007,1986,
2016/5/5,88334,23,36,2010,1974,
2016/5/6,90464,24,26,1957,1931,
2016/5/9,98392,29,49,1954,1905,
2016/5/10,76705,27,38,1946,1908,
2016/5/11,95115,18,21,1962,1941,
2016/5/12,84763,23,27,1959,1932,
2016/5/13,137411,34,37,1920,1883,
2016/5/16,80289,14,26,1916,1890,
2016/5/17,47439,10,27,1927,1900,
2016/5/18,66599,12,47,1936,1889,
2016/5/19,77674,18,63,1900,1837,
2016/5/20,68739,19,19,1876,1857,
2016/5/23,62661,16,36,1844,1808,
2016/5/24,68797,17,26,1837,1811,
2016/5/25,56945,12,29,1849,1820,
2016/5/26,36909,9,52,1898,1846,
2016/5/27,33885,10,27,1888,1861,
2016/5/30,54346,15,31,1899,1868,
2016/5/31,43372,11,28,1913,1885,
2016/6/1,50833,13,32,1898,1866,
2016/6/2,56137,15,25,1921,1896,
2016/6/3,64614,17,20,1924,1904,
2016/6/6,53066,11,26,1924,1898,
2016/6/7,72042,22,24,1923,1899,
2016/6/8,46152,9,26,1922,1896,
2016/6/13,106735,35,35,1887,1852,
2016/6/14,61039,15,34,1879,1845,
2016/6/15,59974,18,25,1866,1841,
2016/6/16,100421,29,31,1879,1848,
2016/6/17,56221,18,34,1892,1858,
2016/6/20,69991,17,20,1915,1895,
2016/6/21,48023,16,28,1918,1890,
2016/6/22,38453,10,29,1915,1886,
2016/6/23,65188,23,28,1919,1891,
2016/6/24,66812,14,56,1908,1852,
2016/6/27,70837,21,55,1916,1861,
2016/6/28,45431,17,76,1979,1903,
2016/6/29,184308,50,54,2009,1955,
2016/6/30,107462,26,40,2014,1974,
2016/7/1,82726,26,30,1992,1962,
2016/7/4,183735,49,49,2062,2013,
2016/7/5,198725,71,71,2003,1932,
2016/7/6,103737,40,45,1958,1913,
2016/7/7,64338,22,26,1969,1943,
2016/7/8,71822,20,46,1935,1889,
2016/7/11,45786,18,31,1926,1895,
2016/7/12,39565,18,38,1949,1911,
2016/7/13,91177,26,47,1989,1942,
2016/7/14,71351,15,36,1971,1935,
2016/7/15,77637,23,33,1953,1920,
2016/7/18,51211,16,43,1921,1878,
2016/7/19,49461,17,28,1896,1868,
2016/7/20,68955,26,27,1888,1861,
2016/7/21,51275,13,22,1908,1886,
2016/7/22,45813,15,45,1888,1843,
2016/7/25,46435,12,22,1856,1834,
2016/7/26,24229,9,32,1867,1835,
2016/7/27,28275,12,35,1874,1839,
2016/7/28,46357,28,34,1871,1837,
2016/7/29,42807,18,40,1879,1839,
2016/8/1,74233,26,36,1928,1892,
2016/8/2,38575,15,24,1929,1905,
2016/8/3,26587,9,17,1914,1897,
2016/8/4,38745,14,41,1924,1883,
2016/8/5,37600,12,17,1919,1902,
2016/8/8,31293,12,22,1913,1891,
2016/8/9,47501,20,27,1922,1895,
2016/8/10,58620,25,31,2051,2020,
2016/8/11,36427,17,43,2058,2015,
2016/8/12,106147,25,30,2065,2035,
2016/8/15,74464,29,31,2072,2041,
2016/8/16,30870,11,16,2067,2051,
2016/8/17,59092,18,22,2060,2038,
2016/8/18,37818,16,19,2045,2026,
2016/8/19,33509,14,18,2034,2016,
2016/8/22,80693,21,50,2002,1952,
2016/8/23,34240,16,21,1976,1955,
2016/8/24,30479,13,20,1971,1951,
2016/8/25,34644,13,50,1985,1935,
2016/8/26,58959,19,25,1967,1942,
2016/8/29,47824,13,34,1952,1918,
2016/8/30,25441,9,17,1935,1918,
2016/8/31,56907,19,24,1949,1925,
2016/9/1,48225,13,28,1962,1934,
2016/9/2,42942,15,24,1979,1955,
2016/9/5,81264,31,48,2013,1965,
2016/9/6,40696,12,30,2034,2004,
2016/9/7,50268,12,18,2031,2013,
2016/9/8,45011,7,33,2047,2014,
2016/9/9,36099,11,18,2037,2019,
2016/9/12,197307,33,45,2066,2021,
2016/9/13,98335,25,33,2048,2015,
2016/9/14,87882,18,18,2045,2027,
2016/9/19,232289,46,57,2095,2038,
2016/9/20,125772,22,22,2092,2070,
2016/9/21,64108,13,49,2095,2046,
2016/9/22,137028,26,31,2071,2040,
2016/9/23,99071,21,27,2041,2014,
2016/9/26,110998,26,26,2048,2022,
2016/9/27,51476,13,22,2038,2016,
2016/9/28,49751,14,41,2061,2020,
2016/9/29,210106,55,60,2122,2062,
2016/9/30,57929,18,20,2099,2079,
2016/10/10,228032,67,67,2215,2148,
2016/10/11,141537,25,47,2273,2226,
2016/10/12,72108,15,38,2257,2219,
2016/10/13,81097,25,34,2245,2211,
2016/10/14,116589,22,50,2277,2227,
2016/10/17,210053,52,52,2288,2236,
2016/10/18,61102,10,48,2290,2242,
2016/10/19,138654,20,76,2326,2250,
2016/10/20,107406,31,53,2306,2253,
2016/10/21,64212,12,23,2249,2226,
2016/10/24,76434,11,21,2253,2232,
2016/10/25,104691,25,50,2332,2282,
2016/10/26,159161,50,55,2351,2296,
2016/10/27,78326,22,34,2346,2312,
2016/10/28,82908,29,56,2389,2333,
2016/10/31,247620,71,73,2477,2404,
2016/11/1,99145,28,56,2490,2434,
2016/11/2,137121,44,93,2475,2382,
2016/11/3,93846,34,47,2422,2375,
2016/11/4,134327,57,106,2449,2343,
2016/11/7,89954,43,72,2442,2370,
2016/11/8,129215,44,52,2409,2357,
2016/11/9,139450,71,82,2483,2401,
2016/11/10,88690,61,69,2434,2365,
2016/11/11,155392,69,71,2521,2450,
2016/11/14,56503,45,56,2392,2336,
2016/11/15,64162,35,116,2398,2282,
2016/11/16,58632,33,46,2383,2337,
2016/11/17,136185,61,65,2467,2402,
2016/11/18,78435,35,37,2460,2423,
2016/11/21,188966,104,118,2577,2459,
2016/11/22,118316,46,62,2614,2552,
2016/11/23,66258,34,34,2585,2551,
2016/11/24,94285,42,103,2598,2495,
2016/11/25,66123,48,48,2535,2487,
2016/11/28,62258,38,62,2559,2497,
2016/11/29,39460,24,43,2535,2492,
2016/11/30,34524,41,65,2505,2440,
2016/12/1,24939,31,54,2535,2481,
2016/12/2,54944,49,89,2581,2492,
2016/12/5,166147,55,55,2660,2605,
2016/12/6,93143,42,74,2754,2680,
2016/12/7,159219,77,87,2848,2761,
2016/12/8,79655,36,71,2853,2782,
2016/12/9,105931,45,109,2892,2783,
2016/12/12,123781,77,80,2948,2868,
2016/12/13,80942,25,37,2885,2848,
2016/12/14,81568,31,86,2979,2893,
2016/12/15,133622,51,72,2993,2921,
2016/12/16,86094,28,63,3010,2947,
2016/12/19,92887,32,108,2930,2822,
2016/12/20,62288,30,76,2844,2768,
2016/12/21,82962,29,67,2845,2778,
2016/12/22,127788,48,59,2836,2777,
2016/12/23,89525,36,54,2782,2728,
2016/12/26,127731,60,85,2767,2682,
2016/12/27,113536,52,127,2855,2728,
2016/12/28,83416,21,76,2911,2835,
2016/12/29,53042,23,57,2896,2839,
2016/12/30,82785,38,60,2790,2730,
2017/1/3,158994,84,114,2770,2656,
2017/1/4,87776,27,72,2704,2632,
2017/1/5,80476,37,38,2688,2650,
2017/1/6,68390,18,60,2696,2636,
2017/1/9,97096,42,73,2718,2645,
2017/1/10,104302,50,94,2744,2650,
2017/1/11,102001,42,57,2735,2678,
2017/1/12,130965,42,52,2762,2710,
2017/1/13,69307,27,34,2766,2732,
2017/1/16,139879,90,92,2888,2796,
2017/1/17,76070,53,61,2864,2803,
2017/1/18,78498,32,43,2849,2806,
2017/1/19,68893,32,33,2798,2765,
2017/1/20,56774,17,43,2843,2800,
2017/1/23,92426,44,44,2875,2831,
2017/1/24,44183,14,36,2879,2843,
2017/1/25,90573,86,104,2948,2844,
2017/1/26,40567,32,32,2935,2903,
2017/2/3,58868,72,111,2992,2881,
2017/2/6,86439,38,38,2947,2909,
2017/2/7,45605,16,34,2964,2930,
2017/2/8,91039,38,44,2963,2919,
2017/2/9,140973,46,70,2982,2912,
2017/2/10,145520,40,67,2957,2890,
2017/2/13,140826,65,68,3057,2989,
2017/2/14,61144,23,87,3107,3020,
2017/2/15,107711,32,52,3112,3060,
2017/2/16,73904,24,96,3119,3023,
2017/2/17,135517,59,89,3100,3011,
2017/2/20,144082,55,65,3095,3030,
2017/2/21,94536,23,128,3078,2950,
2017/2/22,120270,35,44,2972,2928,
2017/2/23,77618,34,101,2966,2865,
2017/2/24,75052,27,53,2936,2883,
2017/2/27,83945,27,64,2995,2931,
2017/2/28,36766,18,80,2970,2890,
2017/3/1,67204,19,72,2922,2850,
2017/3/2,90106,25,53,2883,2830,
2017/3/3,116061,44,48,2876,2828,
2017/3/6,88107,32,54,2874,2820,
2017/3/7,80443,20,30,2862,2832,
2017/3/8,89298,25,47,2809,2762,
2017/3/9,164794,65,65,2758,2693,
2017/3/10,59156,31,31,2748,2717,
2017/3/13,122557,48,101,2711,2610,
2017/3/14,80486,35,58,2707,2649,
2017/3/15,103558,46,46,2734,2688,
2017/3/16,178944,55,63,2725,2662,
2017/3/17,81298,27,47,2710,2663,
2017/3/20,132483,64,70,2690,2620,
2017/3/21,94057,41,82,2643,2561,
2017/3/22,100055,40,40,2563,2523,
2017/3/23,67426,19,32,2554,2522,
2017/3/24,59264,24,40,2561,2521,
2017/3/27,123927,54,54,2511,2457,
2017/3/28,88564,40,40,2543,2503,
2017/3/29,76137,38,38,2573,2535,
2017/3/30,54334,38,42,2585,2543,
2017/3/31,56866,29,40,2607,2567,
2017/4/5,70036,41,99,2653,2554,
2017/4/6,36269,32,44,2670,2626,
2017/4/7,58188,62,81,2722,2641,
2017/4/10,83230,40,44,2555,2511,
2017/4/11,89408,36,77,2542,2465,
2017/4/12,64105,26,42,2496,2454,
2017/4/13,77442,43,83,2493,2410,
2017/4/14,166798,73,95,2468,2373,
2017/4/17,81551,30,61,2426,2365,
2017/4/18,98566,46,50,2392,2342,
2017/4/19,203321,80,80,2413,2333,
2017/4/20,154284,55,70,2408,2338,
2017/4/21,89302,28,61,2425,2364,
2017/4/24,127547,36,44,2370,2326,
2017/4/25,67003,21,34,2373,2339,
2017/4/26,101283,35,53,2387,2334,
2017/4/27,75767,16,21,2396,2375,
2017/4/28,86591,23,29,2419,2390,
2017/5/2,144483,47,51,2402,2351,
2017/5/3,103279,23,31,2406,2375,
2017/5/4,89292,22,48,2325,2277,
2017/5/5,102685,27,49,2273,2224,
2017/5/8,115838,36,36,2272,2236,
2017/5/9,56125,16,31,2259,2228,
2017/5/10,140140,47,47,2253,2206,
2017/5/11,88805,19,47,2251,2204,
2017/5/12,53763,17,33,2235,2202,
2017/5/15,74033,16,34,2263,2229,
2017/5/16,58392,15,44,2289,2245,
2017/5/17,97602,22,30,2320,2290,
2017/5/18,116430,31,31,2295,2264,
2017/5/19,102317,20,52,2402,2350,
2017/5/22,124070,42,52,2434,2382,
2017/5/23,97470,25,60,2426,2366,
2017/5/24,47918,13,63,2393,2330,
2017/5/25,176232,60,77,2433,2356,
2017/5/26,159698,35,38,2381,2343,
2017/5/31,144871,51,152,2389,2237,
2017/6/1,76106,21,36,2284,2248,
2017/6/2,102317,28,58,2275,2217,
2017/6/5,101537,33,41,2268,2227,
2017/6/6,78928,22,71,2321,2250,
2017/6/7,107304,19,27,2317,2290,
2017/6/8,86937,21,75,2350,2275,
2017/6/9,75979,21,31,2349,2318,
2017/6/12,66822,16,50,2365,2315,
2017/6/13,78565,20,58,2350,2292,
2017/6/14,47610,12,72,2344,2272,
2017/6/15,109721,39,39,2316,2277,
2017/6/16,129729,33,41,2348,2307,
2017/6/19,92925,23,72,2398,2326,
2017/6/20,78206,18,33,2384,2351,
2017/6/21,167421,48,58,2403,2345,
2017/6/22,111721,31,71,2378,2307,
2017/6/23,67205,17,34,2330,2296,
2017/6/26,106732,31,31,2325,2294,
2017/6/27,116348,34,37,2307,2270,
2017/6/28,107618,33,47,2324,2277,
2017/6/29,110772,20,34,2364,2330,
2017/6/30,105588,29,45,2378,2333,
2017/7/3,168287,47,47,2412,2365,
2017/7/4,97258,27,36,2389,2353,
2017/7/5,224198,67,75,2435,2360,
2017/7/6,153012,48,81,2474,2393,
2017/7/7,91923,28,42,2485,2443,
2017/7/10,61706,19,37,2480,2443,
2017/7/11,75004,21,37,2510,2473,
2017/7/12,106611,23,52,2523,2471,
2017/7/13,117031,30,44,2479,2435,
2017/7/14,100992,22,27,2499,2472,
2017/7/17,174319,37,37,2517,2480,
2017/7/18,64667,13,51,2550,2499,
2017/7/19,72407,17,27,2536,2509,
2017/7/20,103855,24,96,2618,2522,
2017/7/21,137960,21,38,2505,2467,
2017/7/24,95008,38,38,2489,2451,
2017/7/25,75302,16,20,2490,2470,
2017/7/26,169745,53,126,2489,2363,
2017/7/27,49759,14,30,2406,2376,
2017/7/28,64279,23,41,2391,2350,
2017/7/31,93890,31,34,2397,2363,
2017/8/1,75247,29,42,2443,2401,
2017/8/2,78989,25,41,2452,2411,
2017/8/3,30810,12,28,2446,2418,
2017/8/4,62653,42,47,2499,2452,
2017/8/7,148359,94,94,2644,2550,
2017/8/8,48832,17,53,2673,2620,
2017/8/9,78353,26,45,2696,2651,
2017/8/10,60021,18,36,2701,2665,
2017/8/11,122209,43,69,2674,2605,
2017/8/14,49277,21,52,2649,2597,
2017/8/15,91600,30,42,2614,2572,
2017/8/16,65347,31,31,2609,2578,
2017/8/17,63344,19,52,2707,2655,
2017/8/18,41134,14,25,2702,2677,
2017/8/21,86252,22,26,2742,2716,
2017/8/22,77938,33,64,2753,2689,
2017/8/23,67347,28,45,2772,2727,
2017/8/24,57311,24,41,2772,2731,
2017/8/25,48635,18,31,2766,2735,
2017/8/28,70172,25,31,2762,2731,
2017/8/29,143321,62,102,2866,2764,
2017/8/30,82143,22,38,2873,2835,
2017/8/31,64741,23,41,2883,2842,
2017/9/1,61141,18,50,2926,2876,
2017/9/4,129260,51,88,3023,2935,
2017/9/5,85718,32,47,2944,2897,
2017/9/6,125177,38,57,2979,2922,
2017/9/7,82966,29,79,2957,2878,
2017/9/8,79389,28,74,2931,2857,
2017/9/11,83066,26,46,2878,2832,
2017/9/12,100929,27,58,2982,2924,
2017/9/13,67932,26,102,2987,2885,
2017/9/14,72510,26,67,2914,2847,
2017/9/15,161974,53,70,2861,2791,
2017/9/18,90426,36,47,2797,2750,
2017/9/19,81960,29,42,2807,2765,
2017/9/20,117930,38,38,2818,2780,
2017/9/21,123320,41,103,2783,2680,
2017/9/22,107272,44,53,2713,2660,
2017/9/25,123465,51,61,2684,2623,
2017/9/26,98555,25,43,2720,2677,
2017/9/27,73782,20,30,2713,2683,
2017/9/28,98994,35,50,2653,2603,
2017/9/29,77265,34,49,2719,2670,
2017/10/9,121007,45,74,2760,2686,
2017/10/10,124536,40,47,2705,2658,
2017/10/11,88088,32,80,2665,2585,
2017/10/12,133926,43,82,2613,2531,
2017/10/13,120618,34,66,2652,2586,
2017/10/16,125830,49,56,2672,2616,
2017/10/17,79261,27,91,2699,2608,
2017/10/18,126049,39,39,2719,2680,
2017/10/19,93104,29,33,2653,2620,
2017/10/20,56293,19,111,2749,2638,
2017/10/23,89354,22,49,2764,2715,
2017/10/24,160674,38,48,2797,2749,
2017/10/25,64964,17,51,2784,2733,
2017/10/26,90097,29,45,2773,2728,
2017/10/27,60614,19,93,2764,2671,
2017/10/30,98057,23,48,2704,2656,
2017/10/31,75223,20,34,2685,2651,
2017/11/1,95124,30,53,2716,2663,
2017/11/2,80942,16,33,2757,2724,
2017/11/3,66566,20,30,2786,2756,
2017/11/6,96591,17,24,2850,2826,
2017/11/7,69948,27,42,2860,2818,
2017/11/8,55071,16,38,2864,2826,
2017/11/9,67773,18,54,2890,2836,
2017/11/10,72764,24,54,2870,2816,
2017/11/13,98055,31,107,2920,2813,
2017/11/14,51937,15,24,2912,2888,
2017/11/15,115144,34,40,2865,2825,
2017/11/16,47701,19,41,2869,2828,
2017/11/17,68154,24,90,2926,2836,
2017/11/20,88476,27,38,2928,2890,
2017/11/21,40382,15,49,2995,2946,
2017/11/22,55863,16,43,3013,2970,
2017/11/23,65271,22,36,2999,2963,
2017/11/24,42380,16,28,2994,2966,
2017/11/27,138724,60,162,3038,2876,
2017/11/28,35582,11,26,2899,2873,
2017/11/29,86460,36,50,2930,2880,
2017/11/30,128958,37,129,3017,2888,
2017/12/1,77991,46,89,2995,2906,
2017/12/4,95738,37,49,3087,3038,
2017/12/5,90773,52,132,3268,3136,
2017/12/6,70136,32,50,3233,3183,
2017/12/7,63430,29,138,3193,3055,
2017/12/8,58055,42,75,3165,3090,
2017/12/11,51869,38,93,3196,3103,
2017/12/12,109930,28,71,2959,2888,
2017/12/13,108466,34,50,2962,2912,
2017/12/14,91543,30,68,2955,2887,
2017/12/15,79210,20,53,2928,2875,
2017/12/18,104187,23,49,2956,2907,
2017/12/19,61357,18,43,2947,2904,
2017/12/20,141399,35,47,3004,2957,
2017/12/21,102047,27,31,2940,2909,
2017/12/22,51970,14,31,2938,2907,
2017/12/25,99561,28,79,2933,2854,
2017/12/26,66120,17,33,2905,2872,
2017/12/27,59657,13,41,2886,2845,
2017/12/28,134702,44,44,2863,2819,
2017/12/29,41595,11,31,2871,2840,
2018/1/2,125684,41,89,2940,2851,
2018/1/3,87336,29,29,2920,2891,
2018/1/4,100952,20,35,2948,2913,
2018/1/5,70442,24,51,2947,2896,
2018/1/8,226286,64,69,3000,2931,
2018/1/9,47094,16,21,2993,2972,
2018/1/10,60382,16,32,3004,2972,
2018/1/11,64560,14,27,2982,2955,
2018/1/12,70963,19,23,2965,2942,
2018/1/15,95711,36,36,2964,2928,
2018/1/16,103952,31,111,2933,2822,
2018/1/17,63632,16,26,2845,2819,
2018/1/18,47910,14,33,2844,2811,
2018/1/19,65013,17,44,2815,2771,
2018/1/22,80482,28,41,2838,2797,
2018/1/23,52812,16,44,2861,2817,
2018/1/24,42304,9,29,2844,2815,
2018/1/25,88781,18,35,2856,2821,
2018/1/26,132742,38,38,2841,2803,
2018/1/29,131620,34,42,2878,2836,
2018/1/30,146904,36,36,2831,2795,
2018/1/31,99665,29,34,2792,2758,
2018/2/1,57509,19,36,2798,2762,
2018/2/2,43465,13,39,2806,2767,
2018/2/5,68889,23,55,2811,2756,
2018/2/6,93584,30,40,2832,2792,
2018/2/7,45986,12,31,2828,2797,
2018/2/8,84230,15,28,2791,2763,
2018/2/9,80591,22,34,2800,2766,
2018/2/12,62548,22,71,2778,2707,
2018/2/13,46807,20,27,2729,2702,
2018/2/14,44463,16,46,2740,2694,
2018/2/22,75679,33,33,2747,2714,
2018/2/23,61200,15,33,2766,2733,
2018/2/26,93380,33,82,2782,2700,
2018/2/27,54953,14,29,2690,2661,
2018/2/28,64398,18,18,2690,2672,
2018/3/1,187443,44,45,2670,2625,
2018/3/2,84704,24,36,2691,2655,
2018/3/5,66695,18,38,2693,2655,
2018/3/6,71616,18,34,2695,2661,
2018/3/7,93423,20,45,2685,2640,
2018/3/8,124588,31,60,2698,2638,
2018/3/9,110262,26,46,2715,2669,
2018/3/12,153351,34,53,2728,2675,
2018/3/13,59269,14,21,2733,2712,
2018/3/14,67544,18,32,2760,2728,
2018/3/15,66166,16,29,2749,2720,
2018/3/16,100984,27,37,2740,2703,
2018/3/19,110789,29,83,2798,2715,
2018/3/20,75693,20,31,2794,2763,
2018/3/21,55046,15,22,2789,2767,
2018/3/22,93889,27,32,2827,2795,
2018/3/23,143013,29,106,2780,2674,
2018/3/26,112678,53,76,2764,2688,
2018/3/27,93683,30,45,2714,2669,
2018/3/28,73904,24,29,2704,2675,
2018/3/29,120491,39,50,2697,2647,
2018/3/30,58999,23,49,2723,2674,
2018/4/2,69362,33,67,2733,2666,
2018/4/3,59678,20,52,2693,2641,
2018/4/4,76342,36,45,2678,2633,
2018/4/9,127750,80,106,2768,2662,
2018/4/10,49012,16,26,2745,2719,
2018/4/11,51185,34,54,2758,2704,
2018/4/12,75518,20,22,2642,2620,
2018/4/13,47575,14,39,2665,2626,
2018/4/16,80123,19,35,2682,2647,
2018/4/17,56420,19,25,2680,2655,
2018/4/18,69985,21,26,2728,2702,
2018/4/19,77231,25,29,2720,2691,
2018/4/20,126082,34,65,2703,2638,
2018/4/23,89629,24,43,2685,2642,
2018/4/24,67671,15,43,2738,2695,
2018/4/25,72001,16,47,2719,2672,
2018/4/26,56886,13,22,2682,2660,
2018/4/27,71338,19,24,2687,2663,
2018/5/2,114937,42,47,2717,2670,
2018/5/3,43507,13,30,2718,2688,
2018/5/4,192602,48,48,2767,2719,
2018/5/7,113760,37,40,2778,2738,
2018/5/8,48374,14,25,2769,2744,
2018/5/9,105974,27,27,2785,2758,
2018/5/10,68634,20,24,2792,2768,
2018/5/11,58105,15,41,2798,2757,
2018/5/14,83188,19,50,2816,2766,
2018/5/15,141927,41,41,2818,2777,
2018/5/16,121161,28,56,2887,2831,
2018/5/17,59394,15,25,2861,2836,
2018/5/18,92227,24,37,2855,2818,
2018/5/21,90036,24,27,2828,2801,
2018/5/22,117132,39,49,2825,2776,
2018/5/23,67738,20,26,2792,2766,
2018/5/24,98005,26,26,2782,2756,
2018/5/25,55294,21,76,2800,2724,
2018/5/28,68375,19,22,2738,2716,
2018/5/29,39661,11,16,2748,2732,
2018/5/30,86423,31,36,2753,2717,
2018/5/31,59610,19,23,2772,2749,
2018/6/1,37673,11,44,2792,2748,
2018/6/4,70063,26,34,2796,2762,
2018/6/5,76961,22,35,2762,2727,
2018/6/6,48773,13,23,2755,2732,
2018/6/7,103195,21,47,2819,2772,
2018/6/8,67799,23,23,2816,2793,
2018/6/11,63772,21,44,2826,2782,
2018/6/12,43137,16,43,2855,2812,
2018/6/13,72248,27,29,2844,2815,
2018/6/14,60879,24,35,2838,2803,
2018/6/15,34716,12,30,2835,2805,
2018/6/19,147562,66,66,2829,2763,
2018/6/20,46244,14,19,2797,2778,
2018/6/21,64350,15,49,2789,2740,
2018/6/22,55463,18,30,2749,2719,
2018/6/25,88591,28,28,2768,2740,
2018/6/26,95746,20,49,2737,2688,
2018/6/27,67578,22,23,2758,2735,
2018/6/28,47858,15,16,2801,2785,
2018/6/29,69463,26,43,2842,2799,
2018/7/2,43424,8,56,2867,2811,
2018/7/3,50751,15,26,2842,2816,
2018/7/4,44292,11,71,2893,2822,
2018/7/5,150281,40,46,2902,2856,
2018/7/6,53435,10,48,2917,2869,
2018/7/9,98109,28,28,2908,2880,
2018/7/10,64564,22,50,2925,2875,
2018/7/11,92650,24,24,2912,2888,
2018/7/12,150137,23,55,2923,2868,
2018/7/13,53626,17,42,2918,2876,
2018/7/16,73572,22,29,2889,2860,
2018/7/17,56291,16,32,2874,2842,
2018/7/18,24450,7,21,2875,2854,
2018/7/19,69912,14,26,2917,2891,
2018/7/20,57341,15,48,2928,2880,
2018/7/23,66675,25,27,2937,2910,
2018/7/24,65777,28,35,2982,2947,
2018/7/25,75871,24,40,2961,2921,
2018/7/26,49819,12,29,2920,2891,
2018/7/27,68250,24,28,2935,2907,
2018/7/30,100637,54,72,2992,2920,
2018/7/31,38239,14,35,2984,2949,
2018/8/1,58796,18,57,2984,2927,
2018/8/2,79524,25,67,3020,2953,
2018/8/3,220074,86,89,3121,3032,
2018/8/6,184081,88,88,3276,3188,
2018/8/7,76074,45,61,3255,3194,
2018/8/8,74277,48,64,3230,3166,
2018/8/9,85228,33,52,3323,3271,
2018/8/10,86314,25,102,3325,3223,
2018/8/13,86531,38,38,3274,3236,
2018/8/14,162159,42,67,3407,3340,
2018/8/15,68878,20,57,3362,3305,
2018/8/16,127273,46,106,3363,3257,
2018/8/17,126057,32,63,3314,3251,
2018/8/20,134630,49,191,3425,3234,
2018/8/21,173005,51,80,3384,3304,
2018/8/22,149986,36,164,3520,3356,
2018/8/23,121547,31,125,3426,3301,
2018/8/24,103358,34,49,3317,3268,
2018/8/27,171232,57,57,3313,3256,
2018/8/28,220548,59,96,3373,3277,
2018/8/29,145134,52,73,3345,3272,
2018/8/30,203873,53,69,3299,3230,
2018/8/31,158799,38,72,3330,3258,
2018/9/3,119046,31,103,3269,3166,
2018/9/4,150509,34,47,3252,3205,
2018/9/5,91074,24,70,3299,3229,
2018/9/6,108405,27,30,3282,3252,
2018/9/7,195078,68,82,3366,3284,
2018/9/10,167045,41,49,3408,3359,
2018/9/11,123104,29,58,3391,3333,
2018/9/12,295279,112,129,3359,3230,
2018/9/13,128230,39,54,3287,3233,
2018/9/14,71131,22,36,3282,3246,
2018/9/17,137033,40,63,3276,3213,
2018/9/18,203949,47,50,3276,3226,
2018/9/19,166820,33,63,3340,3277,
2018/9/20,93490,18,33,3359,3326,
2018/9/21,63550,17,44,3356,3312,
2018/9/25,136017,55,61,3367,3306,
2018/9/26,205209,58,79,3320,3241,
2018/9/27,83860,27,46,3278,3232,
2018/9/28,95220,44,47,3239,3192,
2018/10/8,98884,25,112,3328,3216,
2018/10/9,170533,49,74,3422,3348,
2018/10/10,87542,28,49,3468,3419,
2018/10/11,173562,56,56,3417,3361,
2018/10/12,143588,46,124,3507,3383,
2018/10/15,163334,48,68,3525,3457,
2018/10/16,112796,28,99,3435,3336,
2018/10/17,90354,23,46,3407,3361,
2018/10/18,134218,33,61,3395,3334,
2018/10/19,146135,30,53,3398,3345,
2018/10/22,147957,28,51,3365,3314,
2018/10/23,95651,23,25,3348,3323,
2018/10/24,123899,34,76,3368,3292,
2018/10/25,185618,45,117,3352,3235,
2018/10/26,128975,34,34,3255,3221,
2018/10/29,484049,146,171,3243,3072,
2018/10/30,112128,30,72,3082,3010,
2018/10/31,110112,24,35,3032,2997,
2018/11/1,265324,53,86,2991,2905,
2018/11/2,129168,35,52,2961,2909,
2018/11/5,195013,47,47,2997,2950,
2018/11/6,255694,75,117,2989,2872,
2018/11/7,235884,39,80,2882,2802,
2018/11/8,123789,33,63,2870,2807,
2018/11/9,194796,30,38,2848,2810,
2018/11/12,304556,80,93,2859,2766,
2018/11/13,137917,23,38,2810,2772,
2018/11/14,329001,54,86,2760,2674,
2018/11/15,109783,17,26,2742,2716,
2018/11/16,168731,32,85,2793,2708,
2018/11/19,175261,34,58,2772,2714,
2018/11/20,118100,24,53,2712,2659,
2018/11/21,256071,23,25,2581,2556,
2018/11/22,201825,42,69,2575,2506,
2018/11/23,164611,22,70,2537,2467,
2018/11/26,186786,14,14,2408,2394,
2018/11/27,135662,29,38,2414,2376,
2018/11/28,183459,41,52,2466,2414,
2018/11/29,183677,34,53,2457,2404,
2018/11/30,76543,17,104,2435,2331,
2018/12/3,379648,112,169,2477,2308,
2018/12/4,250557,51,137,2478,2341,
2018/12/5,272886,28,81,2501,2420,
2018/12/6,193500,30,36,2477,2441,
2018/12/7,162918,31,46,2532,2486,
2018/12/10,178897,44,118,2571,2453,
2018/12/11,99529,21,61,2458,2397,
2018/12/12,239788,47,62,2475,2413,
2018/12/13,157792,29,55,2483,2428,
2018/12/14,222561,28,32,2508,2476,
2018/12/17,209034,31,41,2514,2473,
2018/12/18,302236,37,49,2491,2442,
2018/12/19,360798,39,52,2485,2433,
2018/12/20,190074,20,42,2495,2453,
2018/12/21,189504,21,63,2487,2424,
2018/12/24,355813,49,49,2443,2394,
2018/12/25,410266,59,71,2377,2306,
2018/12/26,168892,17,28,2354,2326,
2018/12/27,337435,46,75,2452,2377,
2018/12/28,183077,29,29,2402,2373,
2019/1/2,241868,35,39,2422,2383,
2019/1/3,155756,15,21,2445,2424,
2019/1/4,123924,16,44,2492,2448,
2019/1/7,193706,28,28,2488,2460,
2019/1/8,219930,31,31,2475,2444,
2019/1/9,255280,35,44,2514,2470,
2019/1/10,186011,28,48,2519,2471,
2019/1/11,132985,23,30,2509,2479,
2019/1/14,211122,37,42,2535,2493,
2019/1/15,166753,15,42,2516,2474,
2019/1/16,159003,27,40,2545,2505,
2019/1/17,144663,21,49,2527,2478,
2019/1/18,245514,20,34,2498,2464,
2019/1/21,233227,35,63,2584,2521,
2019/1/22,290693,37,85,2583,2498,
2019/1/23,195966,27,27,2500,2473,
2019/1/24,172454,16,20,2491,2471,
2019/1/25,226815,25,46,2542,2496,
2019/1/28,188813,28,85,2525,2440,
2019/1/29,204950,25,59,2464,2405,
2019/1/30,190584,18,40,2495,2455,
2019/1/31,199744,30,31,2525,2494,
2019/2/1,199025,38,43,2535,2492,
2019/2/11,175016,51,56,2564,2508,
2019/2/12,157814,20,52,2598,2546,
2019/2/13,130657,17,29,2541,2512,
2019/2/14,123908,20,53,2579,2526,
2019/2/15,256755,29,77,2554,2477,
2019/2/18,423718,60,81,2516,2435,
2019/2/19,180892,15,28,2476,2448,
2019/2/20,208894,25,25,2493,2468,
2019/2/21,168694,23,36,2539,2503,
2019/2/22,111952,15,20,2535,2515,
2019/2/25,198783,20,24,2536,2512,
2019/2/26,258962,32,54,2557,2503,
2019/2/27,177790,25,43,2558,2515,
2019/2/28,107563,13,15,2537,2522,
2019/3/1,159346,17,109,2648,2539,
2019/3/4,394178,66,84,2693,2609,
2019/3/5,153042,19,34,2662,2628,
2019/3/6,235633,23,52,2676,2624,
2019/3/7,139724,14,59,2634,2575,
2019/3/8,144613,17,37,2589,2552,
2019/3/11,207438,23,30,2594,2564,
2019/3/12,216213,29,55,2632,2577,
2019/3/13,115532,16,22,2633,2611,
2019/3/14,107183,14,43,2614,2571,
2019/3/15,220290,21,35,2552,2517,
2019/3/18,240999,31,68,2526,2458,
2019/3/19,118465,16,46,2484,2438,
2019/3/20,165335,21,41,2502,2461,
2019/3/21,117156,10,14,2505,2491,
2019/3/22,107150,11,48,2518,2470,
2019/3/25,268730,35,52,2504,2452,
2019/3/26,144854,21,31,2499,2468,
2019/3/27,100237,12,47,2480,2433,
2019/3/28,106375,13,70,2449,2379,
2019/3/29,209968,25,49,2428,2379,
2019/4/1,190504,22,42,2446,2404,
2019/4/2,201510,15,39,2465,2426,
2019/4/3,114472,21,29,2463,2434,
2019/4/4,178064,23,23,2468,2445,
2019/4/8,395568,67,67,2535,2468,
2019/4/9,145289,26,51,2532,2481,
2019/4/10,117026,23,28,2489,2461,
2019/4/11,92957,26,30,2481,2451,
2019/4/12,85896,22,35,2473,2438,
2019/4/15,162418,32,43,2535,2492,
2019/4/16,214708,26,26,2489,2463,
2019/4/17,112141,11,23,2494,2471,
2019/4/18,122640,18,54,2468,2414,
2019/4/19,108834,16,24,2442,2418,
2019/4/22,171281,23,46,2489,2443,
2019/4/23,153194,19,26,2469,2443,
2019/4/24,182603,23,33,2455,2422,
2019/4/25,134393,16,26,2472,2446,
2019/4/26,139990,15,60,2443,2383,
2019/4/29,121237,14,19,2418,2399,
2019/4/30,132913,18,28,2416,2388,
2019/5/6,281528,51,62,2425,2363,
2019/5/7,130606,12,20,2455,2435,
2019/5/8,74154,10,30,2471,2441,
2019/5/9,90996,12,17,2454,2437,
2019/5/10,126503,12,31,2483,2452,
2019/5/13,241172,33,38,2449,2411,
2019/5/14,138175,15,66,2429,2363,
2019/5/15,130992,18,22,2398,2376,
2019/5/16,138823,21,27,2443,2416,
2019/5/17,111130,17,22,2455,2433,
2019/5/20,188853,24,40,2526,2486,
2019/5/21,99337,13,42,2548,2506,
2019/5/22,85856,11,41,2542,2501,
2019/5/23,226328,26,47,2505,2458,
2019/5/24,157161,31,35,2440,2405,
2019/5/27,134106,20,23,2446,2423,
2019/5/28,111462,25,35,2446,2411,
2019/5/29,210059,46,55,2495,2440,
2019/5/30,147928,20,77,2503,2426,
2019/5/31,199913,28,43,2445,2402,
2019/6/3,359275,65,73,2379,2306,
2019/6/4,161285,35,43,2325,2282,
2019/6/5,133774,24,48,2336,2288,
2019/6/6,192490,34,65,2305,2240,
2019/6/10,241868,27,32,2345,2313,
2019/6/11,160861,17,58,2348,2290,
2019/6/12,197300,21,25,2316,2291,
2019/6/13,338394,43,45,2364,2319,
2019/6/14,175076,26,29,2357,2328,
2019/6/17,132548,17,24,2356,2332,
2019/6/18,147338,17,31,2367,2336,
2019/6/19,178154,23,36,2392,2356,
2019/6/20,143991,16,34,2404,2370,
2019/6/21,124526,17,50,2423,2373,
2019/6/24,188999,26,28,2421,2393,
2019/6/25,196780,24,42,2390,2348,
2019/6/26,142384,14,23,2380,2357,
2019/6/27,366655,42,44,2363,2319,
2019/6/28,269493,31,63,2315,2252,
2019/7/1,301968,33,37,2314,2277,
2019/7/2,249849,32,74,2358,2284,
2019/7/3,175033,23,42,2350,2308,
2019/7/4,154175,15,69,2352,2283,
2019/7/5,156951,16,32,2344,2312,
2019/7/8,248229,28,52,2360,2308,
2019/7/9,221282,20,86,2345,2259,
2019/7/10,159897,37,37,2288,2251,
2019/7/11,127524,14,26,2281,2255,
2019/7/12,272565,30,36,2247,2211,
2019/7/15,194411,20,29,2247,2218,
2019/7/16,323932,37,60,2228,2168,
2019/7/17,186029,21,25,2188,2163,
2019/7/18,104129,13,48,2186,2138,
2019/7/19,482790,73,73,2214,2141,
2019/7/22,269750,25,54,2203,2149,
2019/7/23,220707,28,67,2167,2100,
2019/7/24,120984,12,25,2126,2101,
2019/7/25,188701,25,36,2112,2076,
2019/7/26,266129,29,46,2084,2038,
2019/7/29,133187,13,23,2070,2047,
2019/7/30,218395,18,35,2097,2062,
2019/7/31,336721,26,33,2128,2095,
2019/8/1,340817,36,37,2133,2096,
2019/8/2,434529,57,64,2147,2083,
2019/8/5,222603,25,76,2116,2040,
2019/8/6,214888,33,39,2084,2045,
2019/8/7,179857,33,64,2129,2065,
2019/8/8,234624,33,36,2160,2124,
2019/8/9,152084,25,32,2145,2113,
2019/8/12,201275,40,40,2152,2112,
2019/8/13,67939,13,35,2157,2122,
2019/8/14,114003,24,47,2172,2125,
2019/8/15,172318,30,41,2129,2088,
2019/8/16,78713,21,31,2108,2077,
2019/8/19,131974,16,20,2217,2197,
2019/8/20,117172,17,41,2217,2176,
2019/8/21,253742,33,33,2155,2122,
2019/8/22,117185,14,24,2154,2130,
2019/8/23,85758,11,32,2168,2136,
2019/8/26,247431,26,33,2169,2136,
2019/8/27,166549,18,43,2152,2109,
2019/8/28,143794,14,23,2167,2144,
2019/8/29,172022,23,35,2163,2128,
2019/8/30,126718,17,24,2149,2125,
2019/9/2,236638,23,57,2212,2155,
2019/9/3,174099,27,33,2232,2199,
2019/9/4,121001,17,18,2227,2209,
2019/9/5,161743,16,70,2250,2180,
2019/9/6,173651,22,23,2208,2185,
2019/9/9,146600,18,51,2264,2213,
2019/9/10,123983,19,25,2263,2238,
2019/9/11,185360,30,30,2263,2233,
2019/9/12,106008,15,20,2253,2233,
2019/9/16,450816,59,66,2355,2289,
2019/9/17,359693,57,63,2434,2371,
2019/9/18,338993,53,53,2342,2289,
2019/9/19,123012,15,26,2312,2286,
2019/9/20,136906,18,37,2330,2293,
2019/9/23,262663,27,27,2382,2355,
2019/9/24,208362,32,44,2387,2343,
2019/9/25,161234,13,61,2415,2354,
2019/9/26,225467,32,69,2414,2345,
2019/9/27,117182,22,53,2376,2323,
2019/9/30,214688,42,52,2418,2366,
2019/10/8,243712,43,43,2427,2384,
2019/10/9,282386,50,50,2417,2367,
2019/10/10,272777,41,44,2396,2352,
2019/10/11,208956,31,57,2363,2306,
2019/10/14,317352,51,51,2338,2287,
2019/10/15,177488,19,48,2311,2263,
2019/10/16,198404,28,85,2282,2197,
2019/10/17,222124,21,24,2205,2181,
2019/10/18,145585,21,30,2215,2185,
2019/10/21,312022,48,48,2187,2139,
2019/10/22,84851,13,19,2161,2142,
2019/10/23,271151,32,42,2155,2113,
2019/10/24,192016,23,31,2146,2115,
2019/10/25,126134,15,56,2133,2077,
2019/10/28,131998,15,34,2093,2059,
2019/10/29,196450,16,18,2112,2094,
2019/10/30,179550,18,43,2116,2073,
2019/10/31,103211,13,22,2108,2086,
2019/11/1,215987,21,32,2096,2064,
2019/11/4,223394,24,26,2098,2072,
2019/11/5,283104,30,33,2129,2096,
2019/11/6,185675,19,49,2120,2071,
2019/11/7,380899,35,38,2081,2043,
2019/11/8,264279,25,42,2048,2006,
2019/11/11,255497,31,62,2016,1954,
2019/11/12,170959,19,40,1977,1937,
2019/11/13,145702,17,25,1971,1946,
2019/11/14,198948,26,36,1965,1929,
2019/11/15,246280,20,32,1977,1945,
2019/11/18,203418,22,23,1973,1950,
2019/11/19,427905,24,38,1929,1891,
2019/11/20,144366,17,28,1923,1895,
2019/11/21,129053,11,23,1947,1924,
2019/11/22,272669,16,47,1980,1933,
2019/11/25,233711,23,53,2008,1955,
2019/11/26,167436,16,53,2012,1959,
2019/11/27,96227,12,28,1990,1962,
2019/11/28,255774,29,31,1967,1936,
2019/11/29,215592,23,24,1968,1944,
2019/12/2,187775,19,19,1938,1919,
2019/12/3,188879,17,19,1974,1955,
2019/12/4,142195,14,32,1998,1966,
2019/12/5,122248,14,22,2033,2011,
2019/12/6,188303,22,22,2011,1989,
2019/12/9,159752,20,40,2032,1992,
2019/12/10,66699,9,23,2023,2000,
2019/12/11,98270,16,28,1991,1963,
2019/12/12,74149,14,58,2042,1984,
2019/12/13,76529,21,26,2033,2007,
2019/12/16,185899,16,25,2138,2113,
2019/12/17,303003,25,32,2162,2130,
2019/12/18,238379,22,52,2158,2106,
2019/12/19,87187,9,25,2130,2105,
2019/12/20,148772,15,36,2157,2121,
2019/12/23,232224,22,26,2178,2152,
2019/12/24,180603,22,24,2152,2128,
2019/12/25,133632,15,37,2167,2130,
2019/12/26,129017,10,18,2174,2156,
2019/12/27,271056,28,32,2199,2167,
2019/12/30,316705,39,39,2238,2199,
2019/12/31,297594,30,47,2220,2173,
2020/1/2,263174,28,28,2206,2178,
2020/1/3,111544,12,50,2246,2196,
2020/1/6,457539,41,56,2300,2244,
2020/1/7,308752,22,31,2289,2258,
2020/1/8,601944,90,90,2384,2294,
2020/1/9,429356,37,91,2319,2228,
2020/1/10,158031,14,21,2251,2230,
2020/1/13,608090,65,84,2352,2268,
2020/1/14,268422,34,44,2378,2334,
2020/1/15,357016,35,47,2364,2317,
2020/1/16,178601,19,50,2356,2306,
2020/1/17,177019,21,63,2339,2276,
2020/1/20,298509,27,45,2345,2300,
2020/1/21,233529,28,38,2324,2286,
2020/1/22,255968,45,53,2286,2233,
2020/1/23,138457,22,40,2270,2230,
2020/2/3,292248,34,34,2133,2099,
2020/2/4,356112,71,71,2077,2006,
2020/2/5,306474,42,60,2112,2052,
2020/2/6,200798,27,35,2117,2082,
2020/2/7,197207,20,45,2136,2091,
2020/2/10,281463,33,41,2147,2106,
2020/2/11,377083,40,40,2145,2105,
2020/2/12,284660,21,65,2127,2062,
2020/2/13,372562,32,35,2107,2072,
2020/2/14,254679,24,38,2102,2064,
2020/2/17,285831,21,21,2117,2096,
2020/2/18,291320,23,40,2126,2086,
2020/2/19,285213,28,36,2124,2088,
2020/2/20,369314,19,34,2149,2115,
2020/2/21,247206,19,36,2138,2102,
2020/2/24,515655,63,63,2113,2050,
2020/2/25,270700,24,77,2131,2054,
2020/2/26,431052,26,58,2142,2084,
2020/2/27,392139,26,28,2094,2066,
2020/2/28,500792,48,71,2079,2008,
2020/3/2,437437,43,63,2064,2001,
2020/3/3,409085,28,75,2096,2021,
2020/3/4,316278,25,25,2055,2030,
2020/3/5,311385,17,32,2050,2018,
2020/3/6,325607,24,34,2038,2004,
2020/3/9,33015,0,0,1918,1918,
2020/3/10,636362,106,158,1938,1780,
2020/3/11,258504,25,58,1938,1880,
2020/3/12,506899,72,75,1886,1811,
2020/3/13,436226,41,88,1885,1797,
2020/3/16,243368,28,49,1864,1815,
2020/3/17,300708,29,31,1837,1806,
2020/3/18,239963,33,88,1835,1747,
2020/3/19,431360,62,66,1776,1710,
2020/3/20,323056,38,57,1780,1723,
2020/3/23,311157,37,51,1752,1701,
2020/3/24,264270,21,59,1764,1705,
2020/3/25,330551,36,69,1753,1684,
2020/3/26,347067,40,40,1697,1657,
2020/3/27,441477,68,85,1686,1601,
2020/3/30,375182,38,56,1601,1545,
2020/3/31,359344,45,62,1630,1568,
2020/4/1,262653,30,50,1601,1551,
2020/4/2,321658,52,109,1640,1531,
2020/4/3,406245,52,52,1663,1611,
2020/4/7,304566,35,35,1695,1660,
2020/4/8,235940,32,43,1699,1656,
2020/4/9,343614,44,81,1777,1696,
2020/4/10,284854,40,57,1782,1725,
2020/4/13,345598,74,98,1846,1748,
2020/4/14,491213,64,88,1848,1760,
2020/4/15,464210,46,60,1798,1738,
2020/4/16,503578,56,83,1806,1723,
2020/4/17,435050,34,52,1776,1724,
2020/4/20,543391,45,58,1759,1701,
2020/4/21,639774,64,92,1760,1668,
2020/4/22,609991,45,52,1682,1630,
2020/4/23,542495,40,62,1740,1678,
2020/4/24,452165,28,56,1746,1690,
2020/4/27,427987,32,32,1687,1655,
2020/4/28,417988,39,81,1717,1636,
2020/4/29,413358,31,65,1737,1672,
2020/4/30,409740,26,71,1788,1717,
2020/5/6,429281,74,78,1850,1772,
2020/5/7,192283,16,54,1804,1750,
2020/5/8,340465,23,39,1770,1731,
2020/5/11,355906,25,37,1778,1741,
2020/5/12,265699,18,36,1753,1717,
2020/5/13,385846,29,50,1748,1698,
2020/5/14,254451,16,35,1754,1719,
2020/5/15,360843,24,29,1778,1749,
2020/5/18,481151,26,35,1742,1707,
2020/5/19,410561,19,39,1738,1699,
2020/5/20,261041,12,44,1754,1710,
2020/5/21,414550,17,26,1766,1740,
2020/5/22,481693,24,64,1734,1670,
2020/5/25,436393,21,35,1701,1666,
2020/5/26,398425,19,19,1694,1675,
2020/5/27,402509,23,55,1727,1672,
2020/5/28,303532,20,20,1716,1696,
2020/5/29,575706,28,28,1711,1683,
2020/6/1,507208,22,24,1722,1698,
2020/6/2,278826,11,24,1720,1696,
2020/6/3,441935,12,15,1755,1740,
2020/6/4,235239,11,23,1756,1733,
2020/6/5,306675,15,19,1765,1746,
2020/6/8,448369,19,19,1779,1760,
2020/6/9,265534,12,14,1755,1741,
2020/6/10,326533,14,23,1756,1733,
2020/6/11,212568,9,39,1751,1712,
2020/6/12,583757,24,37,1719,1682,
2020/6/15,326767,16,42,1717,1675,
2020/6/16,406186,14,21,1723,1702,
2020/6/17,243376,11,20,1713,1693,
2020/6/18,146562,10,24,1718,1694,
2020/6/19,555229,22,27,1749,1722,
2020/6/22,350070,15,17,1744,1727,
2020/6/23,418970,16,28,1772,1744,
2020/6/24,213570,13,16,1769,1753,
2020/6/29,518180,22,36,1754,1718,
2020/6/30,306765,18,24,1768,1744,
2020/7/1,184049,10,24,1762,1738,
2020/7/2,195348,10,44,1798,1754,
2020/7/3,256028,15,19,1811,1792,
2020/7/6,289694,13,35,1826,1791,
2020/7/7,360618,21,46,1816,1770,
2020/7/8,271581,17,20,1810,1790,
2020/7/9,239796,16,26,1814,1788,
2020/7/10,236967,12,26,1789,1763,
2020/7/13,310191,18,36,1820,1784,
2020/7/14,408865,16,28,1819,1791,
2020/7/15,318736,20,31,1860,1829,
2020/7/16,219553,11,26,1847,1821,
2020/7/17,285570,15,33,1816,1783,
2020/7/20,444119,24,26,1789,1763,
2020/7/21,292294,11,19,1781,1762,
2020/7/22,343580,18,18,1777,1759,
2020/7/23,341328,22,28,1779,1751,
2020/7/24,347053,16,56,1771,1715,
2020/7/27,246534,11,15,1745,1730,
2020/7/28,195467,9,29,1755,1726,
2020/7/29,273933,19,36,1765,1729,
2020/7/30,217092,11,16,1758,1742,
2020/7/31,194029,14,19,1735,1716,
2020/8/3,264820,23,34,1715,1681,
2020/8/4,145374,14,18,1710,1692,
2020/8/5,117244,9,36,1707,1671,
2020/8/6,148155,13,20,1698,1678,
2020/8/7,222835,20,25,1710,1685,
2020/8/10,410182,26,27,1742,1715,
2020/8/11,108878,12,13,1734,1721,
2020/8/12,303500,34,48,1758,1710,
2020/8/13,79088,13,21,1760,1739,
2020/8/14,78820,12,26,1758,1732,
2020/8/17,147153,24,24,1750,1726,
2020/8/18,217472,19,27,1933,1906,
2020/8/19,112713,11,14,1932,1918,
2020/8/20,334613,24,24,1922,1898,
2020/8/21,214714,13,19,1928,1909,
2020/8/24,313817,21,21,1948,1927,
2020/8/25,172209,12,15,1953,1938,
2020/8/26,104553,9,26,1967,1941,
2020/8/27,95482,9,10,1965,1955,
2020/8/28,223539,14,20,1955,1935,
2020/8/31,395934,33,37,1991,1954,
2020/9/1,483127,41,64,2043,1979,
2020/9/2,270224,13,22,2050,2028,
2020/9/3,199529,11,15,2038,2023,
2020/9/4,363132,34,66,2058,1992,
2020/9/7,355698,37,37,2079,2042,
2020/9/8,160179,15,35,2056,2021,
2020/9/9,218538,21,24,2005,1981,
2020/9/10,152138,13,35,2008,1973,
2020/9/11,221298,18,21,2005,1984,
2020/9/14,361834,37,37,2036,1999,
2020/9/15,308487,22,41,2115,2074,
2020/9/16,255011,25,25,2092,2067,
2020/9/17,194385,15,35,2114,2079,
2020/9/18,203222,13,17,2084,2067,
2020/9/21,325397,28,41,2087,2046,
2020/9/22,218741,22,26,2033,2007,
2020/9/23,235207,18,20,2016,1996,
2020/9/24,296209,20,39,2017,1978,
2020/9/25,176073,14,17,2024,2007,
2020/9/28,247464,22,44,2034,1990,
2020/9/29,372413,45,45,1998,1953,
2020/9/30,226374,23,48,1965,1917,
2020/10/9,327648,36,39,1993,1954,
2020/10/12,281157,28,45,2038,1993,
2020/10/13,164813,15,26,2043,2017,
2020/10/14,214325,15,23,2055,2032,
2020/10/15,214195,16,41,2065,2024,
2020/10/16,298221,13,38,2076,2038,
2020/10/19,368931,22,57,2088,2031,
2020/10/20,198333,14,19,2040,2021,
2020/10/21,497429,39,83,2146,2063,
2020/10/22,289129,24,24,2099,2075,
2020/10/23,300841,22,42,2088,2046,
2020/10/26,568059,26,30,2032,2002,
2020/10/27,218522,14,28,2032,2004,
2020/10/28,303483,16,37,2063,2026,
2020/10/29,480485,41,44,2063,2019,
2020/10/30,384856,32,60,2065,2005,
2020/11/2,505849,29,45,2030,1985,
2020/11/3,339222,21,40,2068,2028,
2020/11/4,306221,17,41,2087,2046,
2020/11/5,220434,18,22,2064,2042,
2020/11/6,179679,15,46,2091,2045,
2020/11/9,231502,19,19,2084,2065,
2020/11/10,416818,42,42,2136,2094,
2020/11/11,360589,24,48,2201,2153,
2020/11/12,272509,30,43,2186,2143,
2020/11/13,270012,21,82,2257,2175,
2020/11/16,606780,63,70,2294,2224,
2020/11/17,337915,27,45,2260,2215,
2020/11/18,261039,22,34,2256,2222,
2020/11/19,484544,45,73,2323,2250,
2020/11/20,201429,16,22,2293,2271,
2020/11/23,577019,80,89,2351,2262,
2020/11/24,389025,40,40,2307,2267,
2020/11/25,346468,23,37,2341,2304,
2020/11/26,303744,23,76,2295,2219,
2020/11/27,151582,15,40,2265,2225,
2020/11/30,242148,24,36,2277,2241,
2020/12/1,451499,53,57,2322,2265,
2020/12/2,216152,24,39,2319,2280,
2020/12/3,145237,14,50,2285,2235,
2020/12/4,162478,16,38,2261,2223,
2020/12/7,283346,27,48,2282,2234,
2020/12/8,282422,41,55,2280,2225,
2020/12/9,175137,21,41,2277,2236,
2020/12/10,244929,36,43,2331,2288,
2020/12/11,314293,71,112,2442,2330,
2020/12/14,283753,34,43,2489,2446,
2020/12/15,305537,29,70,2524,2454,
2020/12/16,248907,24,30,2513,2483,
2020/12/17,318197,32,33,2511,2478,
2020/12/18,499354,67,73,2562,2489,
2020/12/21,422593,46,54,2549,2495,
2020/12/22,425034,54,91,2558,2467,
2020/12/23,452198,50,70,2455,2385,
2020/12/24,609491,50,53,2541,2488,
2020/12/25,443798,46,61,2512,2451,
2020/12/28,292830,27,118,2462,2344,
2020/12/29,323363,33,63,2378,2315,
2020/12/30,374964,31,36,2374,2338,
2020/12/31,163010,13,49,2402,2353,
2021/1/4,352339,42,51,2418,2367,
2021/1/5,236736,15,27,2418,2391,
2021/1/6,231715,17,65,2436,2371,
2021/1/7,189719,18,33,2389,2356,
2021/1/8,248967,28,76,2369,2293,
2021/1/11,412269,27,47,2369,2322,
2021/1/12,328962,43,71,2352,2281,
2021/1/13,269789,25,51,2384,2333,
2021/1/14,202931,22,42,2348,2306,
2021/1/15,345991,45,63,2343,2280,
2021/1/18,307094,35,58,2345,2287,
2021/1/19,239663,24,47,2349,2302,
2021/1/20,200462,13,56,2317,2261,
2021/1/21,197624,13,49,2328,2279,
2021/1/22,244434,17,33,2344,2311,
2021/1/25,317491,24,67,2340,2273,
2021/1/26,256737,25,57,2293,2236,
2021/1/27,161826,13,24,2259,2235,
2021/1/28,315520,42,42,2269,2227,
2021/1/29,333719,36,62,2317,2255,
2021/2/1,266844,22,31,2321,2290,
2021/2/2,267770,29,53,2306,2253,
2021/2/3,246128,33,46,2276,2230,
2021/2/4,268757,22,37,2321,2284,
2021/2/5,162320,11,19,2338,2319,
2021/2/8,259223,23,46,2358,2312,
2021/2/9,134364,16,35,2338,2303,
2021/2/10,146076,23,36,2284,2248,
2021/2/18,465497,57,67,2360,2293,
2021/2/19,321103,34,56,2399,2343,
2021/2/22,542976,72,72,2462,2390,
2021/2/23,314039,37,69,2485,2416,
2021/2/24,262169,36,36,2472,2436,
2021/2/25,492485,55,69,2562,2493,
2021/2/26,385584,40,56,2498,2442,
2021/3/1,466171,43,91,2585,2494,
2021/3/2,505973,47,70,2540,2470,
2021/3/3,304835,31,54,2559,2505,
2021/3/4,253861,33,53,2558,2505,
2021/3/5,398174,44,80,2581,2501,
2021/3/8,326691,41,69,2681,2612,
2021/3/9,212492,24,59,2633,2574,
2021/3/10,201013,23,62,2521,2459,
2021/3/11,285789,47,48,2469,2421,
2021/3/12,221452,36,51,2484,2433,
2021/3/15,255489,28,73,2485,2412,
2021/3/16,250680,33,34,2475,2441,
2021/3/17,165239,25,44,2450,2406,
2021/3/18,334907,38,50,2426,2376,
2021/3/19,294702,41,88,2376,2288,
2021/3/22,241521,37,38,2346,2308,
2021/3/23,105514,14,38,2365,2327,
2021/3/24,284403,34,34,2368,2334,
2021/3/25,264834,38,42,2360,2318,
2021/3/26,149662,17,32,2366,2334,
2021/3/29,192985,19,37,2398,2361,
2021/3/30,191806,16,29,2443,2414,
2021/3/31,163501,19,55,2430,2375,
2021/4/1,158242,22,36,2396,2360,
2021/4/2,277347,49,79,2442,2363,
2021/4/6,322158,51,51,2466,2415,
2021/4/7,155712,23,28,2480,2452,
2021/4/8,97348,14,38,2468,2430,
2021/4/9,156435,25,64,2485,2421,
2021/4/12,418794,75,103,2447,2344,
2021/4/13,123678,18,38,2394,2356,
2021/4/14,95580,24,45,2435,2390,
2021/4/15,82224,16,60,2481,2421,
2021/4/16,387673,55,55,2470,2415,
2021/4/19,210198,26,31,2475,2444,
2021/4/20,198703,27,40,2479,2439,
2021/4/21,268138,31,35,2426,2391,
2021/4/22,200280,17,37,2425,2388,
2021/4/23,250515,25,45,2407,2362,
2021/4/26,317534,29,53,2460,2407,
2021/4/27,168804,15,42,2479,2437,
2021/4/28,390217,37,44,2442,2398,
2021/4/29,226772,24,48,2469,2421,
2021/4/30,164365,23,32,2464,2432,
2021/5/6,424834,64,95,2543,2448,
2021/5/7,257440,36,59,2580,2521,
2021/5/10,472951,50,50,2612,2562,
2021/5/11,190085,28,70,2588,2518,
2021/5/12,353454,40,132,2707,2575,
2021/5/13,561030,96,169,2852,2683,
2021/5/14,560340,82,167,2807,2640,
2021/5/17,516398,60,96,2755,2659,
2021/5/18,293965,32,70,2723,2653,
2021/5/19,325464,41,50,2670,2620,
2021/5/20,298463,31,64,2582,2518,
2021/5/21,251295,36,52,2538,2486,
2021/5/24,521020,60,84,2595,2511,
2021/5/25,228309,26,57,2623,2566,
2021/5/26,200372,26,152,2696,2544,
2021/5/27,273267,22,76,2642,2566,
2021/5/28,399923,35,83,2636,2553,
2021/5/31,362872,42,63,2605,2542,
2021/6/1,237939,27,37,2575,2538,
2021/6/2,457431,51,68,2563,2495,
2021/6/3,229316,20,47,2563,2516,
2021/6/4,257587,26,39,2535,2496,
2021/6/7,453486,58,83,2520,2437,
2021/6/8,299786,25,36,2448,2412,
2021/6/9,219518,28,40,2466,2426,
2021/6/10,290751,28,45,2473,2428,
2021/6/11,199679,21,43,2467,2424,
2021/6/15,452175,32,83,2517,2434,
2021/6/16,240379,24,29,2535,2506,
2021/6/17,293954,24,32,2519,2487,
2021/6/18,384123,27,45,2485,2440,
2021/6/21,200887,20,43,2475,2432,
2021/6/22,295846,32,72,2533,2461,
2021/6/23,272893,38,65,2589,2524,
2021/6/24,193710,21,36,2588,2552,
2021/6/25,226013,31,37,2596,2559,
2021/6/28,377530,47,49,2564,2515,
2021/6/29,183876,16,29,2565,2536,
2021/6/30,475146,37,74,2630,2556,
2021/7/1,190218,28,39,2595,2556,
2021/7/2,219863,21,38,2597,2559,
2021/7/5,311307,36,39,2650,2611,
2021/7/6,263424,18,40,2658,2618,
2021/7/7,212309,17,37,2569,2532,
2021/7/8,171137,20,37,2557,2520,
2021/7/9,149363,12,63,2595,2532,
2021/7/12,249705,33,37,2635,2598,
2021/7/13,179612,23,33,2648,2615,
2021/7/14,148106,16,54,2675,2621,
2021/7/15,341801,27,41,2645,2604,
2021/7/16,211524,22,49,2729,2680,
2021/7/19,286808,50,71,2755,2684,
2021/7/20,195493,33,57,2748,2691,
2021/7/21,202958,22,59,2722,2663,
2021/7/22,370029,60,68,2778,2710,
2021/7/23,202024,23,77,2764,2687,
2021/7/26,277058,32,47,2699,2652,
2021/7/27,162035,22,36,2695,2659,
2021/7/28,203382,30,41,2665,2624,
2021/7/29,217361,27,36,2688,2652,
2021/7/30,204909,20,67,2787,2720,
2021/8/2,411438,61,74,2755,2681,
2021/8/3,186936,21,58,2671,2613,
2021/8/4,154205,18,25,2646,2621,
2021/8/5,208414,31,49,2662,2613,
2021/8/6,188865,28,65,2647,2582,
2021/8/9,359677,46,48,2605,2557,
2021/8/10,125220,17,52,2645,2593,
2021/8/11,104802,14,22,2670,2648,
2021/8/12,173572,27,36,2704,2668,
2021/8/13,73739,11,19,2689,2670,
2021/8/16,205571,39,66,2876,2810,
2021/8/17,161326,21,41,2873,2832,
2021/8/18,247416,36,52,2894,2842,
2021/8/19,274209,46,46,2843,2797,
2021/8/20,145962,22,35,2812,2777,
2021/8/23,356967,72,145,2925,2780,
2021/8/24,183175,22,92,2914,2822,
2021/8/25,196418,25,33,2879,2846,
2021/8/26,127622,16,48,2833,2785,
2021/8/27,189020,28,28,2822,2794,
2021/8/30,183299,19,40,2824,2784,
2021/8/31,136704,20,59,2830,2771,
2021/9/1,155155,20,99,2860,2761,
2021/9/2,190907,31,70,2902,2832,
2021/9/3,149309,20,35,2902,2867,
2021/9/6,268937,40,49,2932,2883,
2021/9/7,201684,27,98,3065,2967,
2021/9/8,178890,21,71,3079,3008,
2021/9/9,179538,22,81,3117,3036,
2021/9/10,231439,39,106,3108,3002,
2021/9/13,408458,51,109,3144,3035,
2021/9/14,261505,35,69,3059,2990,
2021/9/15,458619,86,139,3112,2973,
2021/9/16,279925,37,94,3205,3111,
2021/9/17,261143,53,129,3141,3012,
2021/9/22,621571,107,130,3157,3027,
2021/9/23,606913,130,163,3275,3112,
2021/9/24,383107,50,117,3282,3165,
2021/9/27,717690,152,152,3462,3310,
2021/9/28,491033,70,147,3575,3428,
2021/9/29,381401,59,116,3546,3430,
2021/9/30,248538,42,290,3781,3491,
2021/10/8,742477,252,263,3852,3589,
2021/10/11,661256,108,108,4013,3905,
2021/10/12,867689,234,234,4235,4001,
2021/10/13,685161,177,339,4113,3774,
2021/10/14,570015,86,196,3883,3687,
2021/10/15,618737,80,182,3823,3641,
2021/10/18,773698,172,265,3913,3648,
2021/10/19,528011,90,141,3867,3726,
2021/10/20,37569,10,10,3485,3475,
2021/10/21,356675,63,251,3531,3280,
2021/10/22,491639,91,257,3377,3120,
2021/10/25,645520,82,104,3265,3161,
2021/10/26,889125,172,172,3216,3044,
2021/10/27,953143,194,233,3105,2872,
2021/10/28,467346,70,251,2895,2644,
2021/10/29,784746,95,131,2904,2773,
2021/11/1,622752,79,118,2979,2861,
2021/11/2,527277,64,203,2868,2665,
2021/11/3,446729,84,188,2950,2762,
2021/11/4,467338,60,112,2907,2795,
2021/11/5,461947,43,106,2873,2767,
2021/11/8,445787,80,122,2920,2798,
2021/11/9,301933,50,79,2845,2766,
2021/11/10,493692,59,130,2734,2604,
2021/11/11,448409,58,125,2774,2649,
2021/11/12,359249,35,134,2678,2544,
2021/11/15,513107,80,97,2593,2496,
2021/11/16,258662,29,63,2606,2543,
2021/11/17,346849,58,94,2593,2499,
2021/11/18,359038,37,80,2567,2487,
2021/11/19,340821,45,126,2641,2515,
2021/11/22,419940,47,59,2672,2613,
2021/11/23,362258,57,89,2728,2639,
2021/11/24,327493,40,72,2781,2709,
2021/11/25,418256,74,96,2761,2665,
2021/11/26,365753,47,96,2727,2631,
2021/11/29,460534,59,93,2684,2591,
2021/11/30,238084,35,50,2662,2612,
2021/12/1,282195,49,90,2719,2629,
2021/12/2,280747,34,56,2681,2625,
2021/12/3,237707,52,73,2651,2578,
2021/12/6,231484,36,61,2714,2653,
2021/12/7,198966,36,92,2710,2618,
2021/12/8,333278,80,86,2660,2574,
2021/12/9,185834,38,106,2677,2571,
2021/12/10,148840,42,67,2672,2605,
2021/12/13,278334,71,109,2729,2620,
2021/12/14,160838,41,41,2726,2685,
2021/12/15,211425,30,36,2587,2551,
2021/12/16,228470,24,104,2650,2546,
2021/12/17,214405,25,39,2690,2651,
2021/12/20,359690,62,111,2718,2607,
2021/12/21,349994,55,61,2616,2555,
2021/12/22,220835,23,68,2598,2530,
2021/12/23,235107,28,32,2580,2548,
2021/12/24,161030,16,61,2645,2584,
2021/12/27,365969,43,84,2611,2527,
2021/12/28,227090,20,57,2561,2504,
2021/12/29,238531,25,31,2559,2528,
2021/12/30,195946,29,41,2559,2518,
2021/12/31,313870,43,53,2527,2474,
2022/1/4,669046,70,93,2607,2514,
2022/1/5,193121,26,33,2591,2558,
2022/1/6,163939,18,60,2621,2561,
2022/1/7,185562,19,63,2644,2581,
2022/1/10,210637,31,60,2662,2602,
2022/1/11,176260,16,35,2573,2538,
2022/1/12,207573,22,33,2586,2553,
2022/1/13,155177,22,45,2638,2593,
2022/1/14,201688,29,78,2717,2639,
2022/1/17,235593,37,37,2724,2687,
2022/1/18,135858,22,107,2777,2670,
2022/1/19,409864,60,94,2880,2786,
2022/1/20,297782,40,42,2830,2788,
2022/1/21,368684,53,79,2823,2744,
2022/1/24,481583,86,96,2860,2764,
2022/1/25,135732,22,52,2786,2734,
2022/1/26,118153,20,69,2845,2776,
2022/1/27,161394,35,54,2858,2804,
2022/1/28,189625,57,97,2902,2805,
2022/2/7,321988,56,76,2979,2903,
2022/2/8,222191,68,78,2986,2908,
2022/2/9,140459,31,77,2891,2814,
2022/2/10,138813,29,59,2823,2764,
2022/2/11,238946,34,89,2794,2705,
2022/2/14,285976,46,64,2801,2737,
2022/2/15,163103,26,45,2779,2734,
2022/2/16,162490,36,55,2776,2721,
2022/2/17,256158,29,38,2719,2681,
2022/2/18,144989,35,75,2783,2708,
2022/2/21,221391,44,46,2790,2744,
2022/2/22,182399,28,83,2846,2763,
2022/2/23,147239,27,47,2834,2787,
2022/2/24,156077,20,69,2873,2804,
2022/2/25,158409,33,143,2852,2709,
2022/2/28,436379,84,88,2908,2820,
2022/3/1,162256,36,70,2950,2880,
2022/3/2,276353,60,104,3068,2964,
2022/3/3,313358,73,125,3159,3034,
2022/3/4,165964,46,119,3142,3023,
2022/3/7,443704,124,176,3324,3148,
2022/3/8,200963,54,108,3315,3207,
2022/3/9,187856,44,126,3369,3243,
2022/3/10,353964,82,111,3129,3018,
2022/3/11,251999,63,76,3159,3083,
2022/3/14,243016,77,112,3099,2987,
2022/3/15,215310,53,91,2996,2905,
2022/3/16,149436,37,54,2962,2908,
2022/3/17,94449,20,56,2941,2885,
2022/3/18,152953,35,35,3030,2995,
2022/3/21,162248,26,72,3077,3005,
2022/3/22,192672,39,58,3135,3077,
2022/3/23,125806,33,49,3096,3047,
2022/3/24,197358,62,104,3128,3024,
2022/3/25,157914,68,110,3130,3020,
2022/3/28,226932,42,85,3165,3080,
2022/3/29,139923,28,49,3077,3028,
2022/3/30,177083,34,42,3041,2999,
2022/3/31,196551,30,87,2977,2890,
2022/4/1,144879,35,51,2927,2876,
2022/4/6,182650,40,68,2977,2909,
2022/4/7,204546,69,69,2991,2922,
2022/4/8,121543,40,66,2913,2847,
2022/4/11,171649,44,64,2838,2774,
2022/4/12,88630,26,45,2854,2809,
2022/4/13,90092,46,46,2885,2839,
2022/4/14,52567,22,42,2905,2863,
2022/4/15,157192,22,79,2942,2863,
2022/4/18,210406,20,39,2995,2956,
2022/4/19,135816,23,54,3023,2969,
2022/4/20,126301,19,54,2994,2940,
2022/4/21,151900,31,39,2966,2927,
2022/4/22,338605,61,84,2954,2870,
2022/4/25,378153,56,86,2800,2714,
2022/4/26,232262,24,47,2763,2716,
2022/4/27,159116,22,114,2765,2651,
2022/4/28,199011,30,46,2713,2667,
2022/4/29,157672,29,57,2728,2671,
2022/5/5,373915,57,102,2797,2695,
2022/5/6,214502,21,36,2794,2758,
2022/5/9,308214,45,45,2713,2668,
2022/5/10,467106,54,74,2670,2596,
2022/5/11,375459,80,90,2706,2616,
2022/5/12,281535,46,83,2745,2662,
2022/5/13,238495,20,65,2775,2710,
2022/5/16,315954,40,40,2801,2761,
2022/5/17,304179,39,46,2812,2766,
2022/5/18,211520,28,60,2746,2686,
2022/5/19,283992,40,52,2732,2680,
2022/5/20,262562,36,83,2785,2702,
2022/5/23,369714,47,53,2823,2770,
2022/5/24,307598,31,62,2787,2725,
2022/5/25,213832,19,55,2740,2685,
2022/5/26,299696,22,83,2805,2722,
2022/5/27,276058,27,35,2824,2789,
2022/5/30,419361,48,59,2829,2770,
2022/5/31,235943,23,66,2849,2783,
2022/6/1,263034,27,83,2883,2800,
2022/6/2,296439,37,37,2871,2834,
2022/6/6,483424,56,56,2903,2847,
2022/6/7,179187,25,42,2904,2862,
2022/6/8,246136,27,33,2961,2928,
2022/6/9,316400,29,78,2964,2886,
2022/6/10,224151,26,40,2926,2886,
2022/6/13,520834,71,75,2947,2872,
2022/6/14,371046,35,69,2955,2886,
2022/6/15,278971,46,112,2952,2840,
2022/6/16,245164,31,50,2845,2795,
2022/6/17,219328,24,31,2787,2756,
2022/6/20,479724,56,78,2744,2666,
2022/6/21,272027,24,54,2722,2668,
2022/6/22,329746,39,73,2717,2644,
2022/6/23,287772,54,86,2685,2599,
2022/6/24,312931,39,106,2646,2540,
2022/6/27,362757,47,54,2593,2539,
2022/6/28,283071,22,46,2637,2591,
2022/6/29,220347,34,52,2658,2606,
2022/6/30,231339,18,29,2654,2625,
2022/7/1,266764,37,71,2605,2534,
2022/7/4,321717,36,58,2565,2507,
2022/7/5,288335,37,37,2582,2545,
2022/7/6,236791,29,58,2495,2437,
2022/7/7,171376,22,108,2574,2466,
2022/7/8,231571,36,75,2558,2483,
2022/7/11,446201,66,133,2506,2373,
2022/7/12,433607,54,64,2378,2314,
2022/7/13,375265,48,53,2363,2310,
2022/7/14,301219,33,58,2377,2319,
2022/7/15,300144,32,69,2367,2298,
2022/7/18,371142,51,74,2398,2324,
2022/7/19,250220,30,74,2397,2323,
2022/7/20,391059,52,65,2444,2379,
